# »сходный размер 2-го сверточного сло€: (192, 4, 4)
# ядро сверток:
3.945006175111310798e-01 -4.781068425999355775e-01 -2.435045859140337887e-01 3.307226623363466178e-01
4.547792600841116945e-02 -1.830328399088072266e-01 -1.491655730439326033e-01 4.597610293147452731e-01
3.452886606640093725e-01 5.090498664731053780e-02 8.134251692051580607e-02 -5.614021991151553481e-02
-1.595087191133319204e-01 2.694550815770680452e-01 -6.601167947180802686e-02 1.953914432941615820e-01
# ядро сверток:
5.450015584356827925e-02 -2.455619199531870189e-01 4.013910541736722126e-01 3.884162761894986715e-02
1.162455954588083318e-02 2.292251914096759546e-01 2.324361941517531088e-02 -8.252604968120694218e-02
3.004800089529021667e-01 2.171427751033885509e-02 -2.391742498382492532e-01 -3.184219278579368817e-01
-6.121798242273216589e-02 4.086782916202988947e-01 -3.698399183128956991e-01 -1.832052545991262604e-02
# ядро сверток:
1.958391749732375509e-01 4.477861205178659265e-01 2.341007451993918076e-01 -5.087094433061637444e-01
-5.930342917331739017e-01 4.915139212646839617e-01 -1.802599237263123877e-01 9.359700585236069292e-02
-2.614764511148109372e-01 -4.025104392243383095e-02 -2.812331657077212898e-03 -3.033037181988847419e-01
1.725529449146108729e-01 -1.544828888992525601e-02 -8.592732066587126238e-02 2.919717847143613598e-01
# ядро сверток:
1.974033003137955211e-01 1.902065385065854763e-01 2.607313301520326476e-01 -2.105201376383597847e-02
-1.530213992635573172e-01 -1.078721596700254678e-03 2.012294638322706386e-01 -1.753411110697085940e-01
-3.630201924449197315e-01 9.627915619063841246e-02 1.443342520189975775e-01 -5.461266538022119255e-01
-1.334799326952549603e-01 1.455862471826298021e-01 -1.854505722291539538e-01 1.008585371165481442e-01
# ядро сверток:
-2.124029348983799692e-01 -1.019865493425456404e-01 3.366965820136875176e-01 5.438102986851474363e-02
-2.104017761097879899e-02 -1.417494618358771941e-01 -1.966028705595166126e-01 -1.185224306738905525e-01
-1.441126824611519974e-01 6.115306491134985672e-02 2.509183038399477872e-01 3.078068377527656829e-01
1.526962765083042864e-02 3.692436913164248713e-02 -2.669049144650303962e-01 -6.902788897719303041e-02
# ядро сверток:
-8.093176792598649749e-02 5.627032731229769658e-01 -2.827392487817806943e-01 -3.641441336381577853e-01
-4.423159067340647760e-02 3.637999242504068587e-01 -2.378006866283847442e-01 -5.191147486125034793e-02
2.974157459405089576e-01 -3.817703948338499464e-01 -3.516334663791961246e-01 1.159041869645465947e-02
-1.314406895360949734e-01 2.344594210842737836e-01 -1.016809593879844514e-01 8.075594510386567559e-02
# ядро сверток:
8.565046558764645435e-02 -3.167864849420576889e-01 -6.930129503227423424e-03 4.550775459903001474e-01
1.834605801067359376e-01 -6.344120506363114254e-02 -1.557046092301992424e-01 -1.725106298080520129e-01
8.927198134057494350e-02 -2.878932992554259496e-01 4.481372940626145163e-02 -5.568860847154886995e-02
1.899604377058019544e-01 -1.619915995141657863e-02 2.462720494461591303e-01 -1.374593603732649771e-01
# ядро сверток:
2.182740026023103352e-01 5.626724757757389783e-02 6.446444831501245420e-02 5.690829791482427541e-02
3.750168368487237780e-01 -1.591183579108715607e-01 -3.288196972226138382e-01 1.182934420412140308e-01
4.397681986254404762e-01 -2.298272172094483756e-01 5.384925625878117517e-02 6.644419057297965003e-02
-2.256799607709307764e-01 1.434235875483368394e-01 -4.391148057266607840e-01 9.703100710946876983e-02
# ядро сверток:
8.373029417778397529e-03 3.882065955530557000e-01 -3.704960187889678180e-01 -2.539760765879034432e-01
-2.918192311314097426e-02 2.250084958590154727e-01 -2.941548577418631183e-01 -7.167541372542114708e-02
1.125712762621550039e-01 -1.320569896876440663e-01 -1.948297161897648566e-01 -2.207941397239260306e-01
-4.318457503981383561e-02 4.917057609504654064e-02 -1.336072516320979953e-01 1.037478608288227161e-01
# ядро сверток:
-5.182874801546576427e-01 -2.235767593174820544e-01 8.083718031212419608e-02 -1.536929869895633204e-02
-1.791339285252896690e-03 3.455535423789062033e-02 4.446192701842263673e-02 -2.643949734455736666e-01
-3.554370730721713167e-01 1.115848451237882663e-02 -3.372534414214480303e-01 7.629070689142950119e-04
-2.559533945756767293e-01 1.575936038262271965e-01 7.400074587806211579e-02 -3.549927051486099772e-01
# ядро сверток:
1.350940480748152872e-01 -2.281233316037028780e-01 7.299140562559719263e-03 2.742806395807608280e-02
8.932724474177623775e-03 3.877019243172739188e-02 -9.296385876601276355e-02 6.114358923672988388e-02
2.770644821027020699e-01 3.007942441380992982e-01 7.895904758519489003e-03 1.068046856731358907e-01
1.611959017191229859e-01 -4.158905787498781703e-02 1.578081416525212166e-01 5.271524251493829583e-02
# ядро сверток:
-1.316636054800208455e-01 -2.463685540983303335e-01 9.808868731682945930e-02 -4.895836260998419065e-01
-1.978502576017763803e-01 1.809823640427772606e-01 -3.255818153768205714e-01 1.531010658641451527e-01
-4.714358262777134517e-02 -2.421306049308147301e-01 -2.724622427238342359e-01 8.933506246941123885e-02
-2.895114531872126640e-01 4.060419906908685483e-02 -2.500271288380842560e-01 -4.949246502953792981e-01
# ядро сверток:
4.536881521434393827e-01 4.911532358279910304e-01 -8.563934936874384451e-02 3.047876378474794756e-01
-3.634437191102100062e-01 -3.245789665808888613e-01 -1.256553956447290510e-01 1.564844708911592164e-01
-1.189431405208794534e-01 -1.288822780609485963e-01 -2.639284461158640169e-02 2.298291656290263607e-01
1.246871856655546035e-01 2.186147508792331551e-01 2.941153804799745419e-01 2.443235968720592066e-01
# ядро сверток:
-2.404991209622748261e-01 7.625728400811908336e-02 2.892251565790802670e-01 -6.422399027905862810e-04
3.488606852783642798e-01 -4.244124338282280196e-01 -1.067988741332445563e-01 -1.968952164996451981e-01
4.173887045356768077e-02 6.767235019366060755e-02 1.594906807831775464e-01 -1.267044376101163494e-01
-4.355287233416786363e-01 8.782346808759415591e-02 -1.031892468028737381e-01 2.673679048136601288e-01
# ядро сверток:
3.178326565507503393e-02 1.640195198203290780e-02 8.635560461406262267e-02 2.625726165895795883e-01
-7.868659363642140081e-02 4.152583301663952953e-01 2.596570101628087324e-01 2.467155240668839900e-01
-1.265146461636519060e-01 -3.513494297108952780e-01 4.575698666235401002e-01 -5.452085186233008446e-02
2.394816539687938950e-01 -1.045253557741659817e-01 -3.144365301556531489e-02 -4.406562105196402956e-02
# ядро сверток:
1.675534177894946186e-01 1.239205228078402721e-01 8.937509888008766945e-02 -1.079214696613124969e-01
1.698937668017130864e-01 -1.923766383942544789e-01 1.717375401404017121e-01 5.827011928100765507e-03
-2.865909413485200063e-02 -9.417054052225627692e-02 -1.661814695538489650e-01 4.573845451408027896e-01
-1.121001722638268611e-01 3.564600306477280073e-02 1.330319528907820785e-02 6.327335753463979306e-02
# ядро сверток:
3.658566321647782615e-02 -1.571274670518060523e-01 4.645109720405263265e-01 2.903899497721554868e-01
1.800046426100686270e-01 2.392752503511161588e-01 1.120662122967313323e-01 -2.224844777714037325e-01
-2.376779828428897956e-01 -1.466622201466035169e-01 2.452625434347497357e-01 2.840633338039992850e-01
4.855086445436052056e-01 -6.333906413174164585e-02 6.670242913324322953e-02 -4.832271927961487856e-01
# ядро сверток:
1.519078428286567140e-01 7.949390315445424571e-02 3.583503008752793317e-02 4.556694065391249104e-01
-3.735640283906851294e-02 -6.540884844543597143e-02 8.529165707248453909e-02 7.468343532876531299e-02
-2.523856720662070452e-01 -3.674208562273350576e-01 2.898645185899346305e-02 5.385974196645996548e-04
1.669411958793848849e-01 -4.271633512254291443e-01 -2.713532547959821573e-01 4.839514703708187038e-01
# ядро сверток:
-3.511536179347627407e-01 1.104869658795622350e-01 -2.951791789779683040e-01 1.094252324393918951e-01
-2.544240219955472976e-02 -1.495702665613826698e-01 -3.684033062896941574e-02 6.740990711653992440e-01
6.737861119571492141e-02 -2.666694802666945696e-01 2.867167244073673404e-01 2.542459848872570816e-01
2.506490354127698383e-01 -3.855598716319164065e-01 3.146391190083608902e-01 2.034442097087635071e-01
# ядро сверток:
-2.699097953195564448e-01 8.821893683766385275e-02 4.268022985672956238e-02 -4.031624094217391152e-02
-9.536455226542737973e-02 8.884135841943567591e-02 -1.180378303174519847e-02 1.784514432661948036e-01
1.912112960232412451e-01 3.381008289161193531e-02 -2.429697828490930689e-01 -3.138033645036919506e-01
2.946732326542330083e-01 -3.617011314378648090e-01 -9.297186926937658913e-02 1.040418858606705910e-01
# ядро сверток:
2.607892493453229377e-01 2.419282822133381194e-01 2.390607091398172790e-01 2.778447705618821706e-01
-3.919507903824443473e-01 -1.848327698275712139e-01 -4.796752098034376965e-01 -1.466967332795393597e-01
-1.305944469639910843e-01 -4.996702015992025847e-02 1.355207908829745012e-01 -2.620146750757650911e-01
-1.684770343736855802e-01 7.518215830171044722e-02 -1.205536572141525792e-01 -2.574018861438056582e-01
# ядро сверток:
-1.635732021955504656e-01 2.344620296063830156e-01 1.309753291253308409e-02 -6.591478449747442681e-02
-3.163722475237248921e-02 1.395114850552681973e-01 4.394535602569097504e-02 1.310369635679848044e-01
-2.040011520594056660e-01 -1.120655882248346447e-01 -9.407307423301158877e-02 1.065102321364057997e-01
2.490883796925279781e-01 -1.416738443358744604e-01 -1.632179005116536075e-01 1.953174552649909745e-02
# ядро сверток:
9.648305592657992202e-02 -4.261099738315896057e-01 1.785155498169639990e-02 3.015253338348625745e-01
1.005232184016246477e-01 1.809711131872330514e-01 -7.179988395017915248e-02 -1.196488612204364005e-01
-3.879583641526530569e-01 8.876794909527174759e-02 1.163186563114645966e-01 -1.379464192172520920e-01
-7.665019488340817089e-02 2.172566798025371559e-02 2.294554198634642661e-01 -2.217163217149230869e-01
# ядро сверток:
-9.908492980851579812e-02 3.708082517297122543e-02 -5.136403121280804784e-01 -3.504008773323962211e-01
-1.079283844427535166e-01 6.783419383551595816e-05 2.830723660742310438e-02 2.684353938953832897e-01
4.580817350853820802e-01 7.938619092246860243e-01 -4.991001836556107490e-02 -2.467829964255161823e-01
6.360294160296287025e-02 -7.061940087945346722e-02 -4.370187153405054592e-01 -1.655795542921942309e-01
# ядро сверток:
3.759481977821529375e-01 2.494413436511735416e-01 -5.019684936789957641e-01 2.858093635457199522e-01
-2.922006327263296233e-01 -2.444949997418232879e-01 2.362064171663242132e-02 1.940666027328150911e-01
-2.752973983395893276e-01 1.331438804085630367e-01 -2.234704283826337012e-01 -5.120677440416919746e-01
-1.002522893345023092e-01 1.517564430797400388e-01 -1.412764422276724108e-01 1.636135584777458907e-01
# ядро сверток:
1.633956884410584509e-01 -2.594963436728276451e-01 3.062133606701652466e-01 -2.119100851695088772e-01
-3.817681363151393392e-01 5.484005000948828368e-01 -1.542653115871065739e-01 2.663059231286627471e-01
-1.568662280541666398e-01 -1.655912036941111498e-01 3.927456962880923608e-02 6.127972738390099483e-01
-3.090321444883992741e-01 2.251975072650069243e-01 1.472987246286677591e-02 -1.392976388484593875e-01
# ядро сверток:
-5.332350760095491693e-02 1.669304565501283089e-01 2.846256907762920174e-01 -2.520212266615651786e-01
-9.800372846261218296e-02 -3.626391021547827331e-01 -3.003414048010777937e-01 6.578576702134836252e-02
-2.327785194905438726e-01 -3.320843581391449972e-01 -3.837862639914329521e-01 1.301510931456246745e-01
-1.316957011348467432e-01 -5.832230239271345845e-02 -7.231288523389451939e-01 -1.717213939768081135e-02
# ядро сверток:
-1.782518039550479508e-02 2.838879821378393897e-01 -3.758846989362351620e-01 1.399729872397915131e-01
-7.271178599884763061e-02 -5.465361002945389769e-03 2.837389991867427241e-01 -2.640928403287133297e-01
-1.033810883436263178e-01 -1.746812778790654275e-01 -5.928386620979434612e-02 -3.432714883683796181e-01
1.144802580138579440e-01 -8.651070820162104491e-02 6.007977520960301049e-02 -9.448434689364067218e-02
# ядро сверток:
4.399528242425863045e-01 -1.144716467328484380e-02 -3.844283292618634329e-01 8.303893386524321962e-02
-5.706022174952984916e-01 2.628632243177961847e-01 1.118405460888830527e-01 9.416671654022289173e-03
-6.913409645722122521e-02 2.807143576568594395e-02 -4.822225407840213113e-02 -3.058589668413574381e-01
2.409792754490819033e-01 -4.434657503255665795e-02 1.721960254021093484e-01 3.338255756656324791e-01
# ядро сверток:
2.646757125015360423e-01 1.305731417019241614e-01 -2.445800776898613207e-02 -2.264181777417749800e-02
-6.835681354414704924e-02 6.402550375593360488e-02 1.076273147004248726e-01 -1.628600239599373167e-01
2.251884942543183610e-01 -2.158947176966238835e-01 3.282375173764753296e-01 1.731762094887458747e-01
4.148005115708598700e-02 1.432481312798557747e-02 -4.535934303669025142e-02 2.244864153240292703e-01
# ядро сверток:
3.090626181206660439e-01 -2.841751874840413028e-01 -1.053402350057761339e-01 -1.198738304514265079e-01
-3.814009719813692412e-01 4.085040851307732146e-02 -5.324711082081907965e-02 -4.997475022494272424e-03
9.688813555538677846e-02 -1.175688491295208554e-01 2.113135575851698977e-01 -4.729193262601957826e-01
-1.178388767829656875e-01 -3.012295362333766713e-01 -1.795482169057535937e-01 -6.248995121697070720e-02
# ядро сверток:
3.138024987044688019e-01 5.613205339439843872e-02 -2.616129255884347415e-01 -1.206802420035013312e-01
1.058774014983996231e-01 -1.416435400985024129e-01 2.746463449258367273e-01 -4.074058976239784413e-01
4.763702361110193351e-02 9.407630942366598803e-02 -2.832163520054899186e-02 2.227163662427738000e-01
9.699092461154990366e-03 -2.340085159272142779e-02 -2.864552429821943802e-01 3.666724153140676346e-01
# ядро сверток:
2.016749535856281195e-01 2.114208765716158456e-01 5.239631730427166817e-02 4.644779268961804139e-03
3.464231128502572032e-02 -4.905986835792187639e-01 4.289728289309618914e-01 7.002536506904318003e-02
3.955172061612754475e-01 1.273522122856248773e-01 -3.839921543669047588e-01 -2.165381256366256946e-01
7.320501046675187418e-01 1.098948374820318541e-01 4.027447477888145000e-02 -5.009919101715909484e-01
# ядро сверток:
-4.157406354480830957e-01 -9.066271691340813121e-02 -2.790628894390232428e-01 1.024444135018045404e-01
-2.118327624465658199e-01 -3.239583755880405813e-01 -1.913221745013493069e-01 2.142878167472791334e-02
2.696680833452387224e-02 -6.594891636663188783e-02 3.518224310242690916e-02 3.638990420326717046e-01
-2.909742835702543440e-01 -7.014843206468371339e-02 8.605706321462912589e-01 8.541642705445462447e-02
# ядро сверток:
1.483496464923838576e-01 -6.621868699079895559e-02 4.379016959187864017e-02 -3.353000385980318687e-01
-2.447491403185412806e-01 -8.831823277769666747e-02 -1.167533206507676974e-01 -5.150219901120312027e-01
2.452396768456555076e-01 4.732324997690994794e-01 -4.715656282873132432e-01 -2.647626838750471445e-01
-1.683016150572702596e-01 4.146455510618523577e-01 -8.280373472621667397e-02 3.544420011160893114e-01
# ядро сверток:
-4.318710842463247546e-01 3.686461558277481232e-01 2.231947080312033094e-01 -1.864067716437392205e-02
3.100252219961180389e-01 -2.153321515421454391e-01 -1.353367849256194577e-01 3.158314649454003753e-01
3.747978399700235830e-01 2.358691586234947790e-01 1.061139719949832222e-01 3.786107281043976092e-01
5.258819839870895740e-02 6.578929093290428187e-02 1.408387142678102499e-01 -1.732724515623140504e-01
# ядро сверток:
1.362709796052991862e-01 1.326835347286107469e-01 -1.770797379817301842e-01 -4.459114353092560878e-01
1.920367214142691681e-01 -5.583532021186616845e-01 -9.521455385456050607e-03 7.446787237635554314e-03
-1.490917545016150481e-01 2.279616718868144598e-01 1.905611663212200546e-01 2.223384620216876106e-01
3.014210964717770058e-02 1.643129124546953701e-01 -4.959178608811922601e-02 -2.420809651539419793e-01
# ядро сверток:
4.858417949350772314e-01 -1.644274615642750959e-01 1.028727153615000868e-02 3.651126822955149537e-03
-3.461499049674244821e-01 -1.193472161628588019e-01 1.386065871901004387e-01 -1.609646177638209275e-01
1.501438827932021214e-01 -2.779560155673452271e-01 1.059523381542085280e-01 8.712067214838361065e-03
-6.827114858555144439e-02 -5.570602976188748084e-02 2.524186120234197528e-01 3.159381965160485972e-01
# ядро сверток:
9.004555549379651691e-02 1.620692808209035496e-01 7.629740225210845939e-02 -2.274029645321374582e-01
-7.279942596306787986e-03 4.551099062447730437e-01 2.372047367921477704e-02 -4.050456079289371791e-01
-1.089063948492225153e-01 1.864335943841210486e-01 1.390034754362278191e-01 -2.443426118907942868e-01
-1.273221069146111273e-01 5.980361919989372887e-02 -2.737476678904339211e-01 -9.112692217998390187e-02
# ядро сверток:
4.509843922648018033e-01 -3.177534856577853700e-02 -1.753481266726544807e-02 1.592358971312950178e-01
-3.674050070238364940e-01 -1.583494800888791132e-01 3.074348252947071702e-01 6.695430395996655737e-02
1.335497708036842146e-01 1.690080112874378371e-01 9.723049381207832242e-02 3.641557581370146179e-01
-9.263331145703958269e-02 -3.914187257912440238e-02 2.395722323967892364e-01 -2.756637971403012033e-01
# ядро сверток:
-5.459074548001837529e-02 1.038159086505582446e-01 2.706694623842287872e-01 2.427951589693120305e-01
1.148086754260205927e-01 1.142439377490619690e-01 2.436364634422324704e-01 -3.555058469902492857e-01
-1.015433730486925007e-01 1.879619429098395578e-01 3.164871940406459999e-02 -3.805798838171914333e-01
-6.296477882076119414e-02 -9.168081644840837818e-02 -1.100668713240135488e-02 2.283891250089849778e-01
# ядро сверток:
1.382840277991997380e-01 -6.469764503520589738e-01 -4.864937601380099619e-02 -2.033190130555217467e-01
1.460260052174177370e-01 -5.662297464967401828e-01 3.435610569562491667e-01 -2.148111521355010600e-01
-1.213397903513663834e-01 -2.208670510817236365e-01 2.091736367194618751e-01 1.071109187279336711e-01
2.386541077236246922e-02 -4.122078685527575531e-02 -1.617813422084891581e-02 4.992646350647803599e-01
# ядро сверток:
-4.265633261827595502e-01 -1.390263351871748494e-02 1.730042889362717606e-01 1.122115431007840725e-01
1.893315416987497724e-01 -6.215607541980020523e-01 3.043926036496850118e-01 -1.302279445807441316e-01
-1.121354919704759395e-01 -2.227218746810396832e-01 -1.191912331919084828e-01 -4.279534371005220827e-01
3.749680735381862307e-01 -3.337834671181784119e-01 -3.018384388356333270e-01 -3.845577265614076867e-01
# ядро сверток:
-8.257451889327941386e-01 -2.696315372076313888e-01 1.254040522073433250e-01 2.548725725157945932e-01
8.220037776339945979e-02 5.296370893143443892e-01 -3.616995667785646851e-01 -4.913423963600845046e-02
6.112561642411721285e-01 1.246914970404636724e-01 -1.235690547534875616e-01 -2.906989066696593071e-01
1.768919828945050565e-01 -1.989211880508737762e-01 -1.036423293331583950e-01 -6.336143651171666225e-02
# ядро сверток:
5.429228359736729126e-02 -6.408863695814536188e-01 1.467922936551133983e-01 -2.459106661647241232e-01
-1.317689615436083983e-01 -1.830552076615807279e-03 2.828255887507973854e-01 -2.648793666582034412e-01
1.555580498266680711e-01 -8.831531379596314901e-02 5.262081660516618742e-01 1.351214035546292602e-01
1.713668594041217741e-01 2.623504118914223859e-01 4.812826853723420339e-01 -3.804887753746601098e-02
# ядро сверток:
4.483741835768118023e-02 1.401887024190513198e-01 6.551344127695725439e-02 1.379375833162987675e-01
-2.861311974873502750e-01 4.269859528507932711e-01 1.534950095784403390e-01 3.235436168668808232e-01
-1.179546671046940720e-01 -3.022495996399216511e-01 2.509706169735601566e-01 2.270947328863815173e-01
2.221535808954119562e-01 -8.684927104968891143e-02 -1.177653148480565237e-01 -3.835924401340479878e-02
# ядро сверток:
-1.256498857284349957e-01 3.814444820474918174e-01 7.631306383371051771e-02 -3.068196773418344417e-02
3.385368586927263168e-01 4.794463906318124358e-01 -2.706204690246429845e-01 3.020291442591475084e-01
-4.182817799996928487e-01 -2.169892231150370998e-01 1.054792623441281191e-01 6.542629106968822494e-01
2.893067791669660105e-01 -2.115010724459816527e-01 -5.267510547284837141e-02 -2.407418572327729989e-01
# ядро сверток:
1.775583387444271410e-01 8.875845030833015570e-02 2.705442671486840700e-01 3.544389211866216249e-01
-2.588081386409831763e-01 -6.270984750836377727e-03 -6.954789919214734994e-02 1.095627112056341279e-01
3.157320687672178217e-01 -2.986475117923149680e-01 -4.179786110684287626e-01 2.040966856594250978e-01
1.883557475632733486e-02 -2.563946384473937967e-01 -5.205274066637574637e-02 2.221145708867643676e-01
# ядро сверток:
2.014391294555811507e-01 2.433912553181554472e-01 3.784762609530621935e-01 -1.094260103070581955e-02
2.082211613646744452e-01 2.355933077320788438e-01 1.292109891254636100e-01 -9.407383547873540697e-02
-2.176622921534660526e-01 -1.725735873416673061e-01 -5.591687632514644735e-01 -2.770825676072595223e-01
-3.406764435312247818e-01 5.360057306327338233e-01 5.753910966041663189e-01 -1.109558260637041188e-01
# ядро сверток:
4.921069787822002911e-02 6.859731897328813499e-02 -2.460151082585786408e-01 1.738828087830166513e-01
-7.568017687254791070e-02 1.663141218189599368e-01 2.927916308437452653e-01 1.599955083114685261e-01
5.278080808104656380e-02 1.106014104779981522e-02 -3.801320854575274133e-02 -1.972247497645320535e-01
3.016183959161616301e-01 -1.138319636196376688e-01 -4.906810360617141348e-02 -3.886448119940269508e-02
# ядро сверток:
5.490564110536387821e-01 -5.632019879644925009e-01 -1.226850169158152232e-01 -8.699618415994320175e-02
1.617027121127400102e-01 8.471662660916910725e-02 1.346414815113886887e-01 1.920024780651501950e-01
2.114222077142051126e-01 -1.958011609224844310e-02 -6.273166232776881263e-03 1.802038776876064008e-01
-1.377440336033683987e-01 -6.457412405491594343e-02 2.402287171739413141e-01 2.856737662072423856e-01
# ядро сверток:
5.240545986370781506e-02 9.043856922182468699e-03 3.867462836607130638e-01 -2.019473055463830991e-01
4.426447698890923488e-01 9.480129122293606825e-02 -1.843156037854769280e-01 2.184786825223917206e-01
6.344195319045357884e-02 3.084578147815881244e-01 -1.099326150097021393e-01 1.324779002582519849e-01
5.508804688883471579e-02 9.513655947612592589e-02 2.601270469342754632e-01 3.549750388975185245e-01
# ядро сверток:
1.434914772705153940e-01 -4.131245755770357464e-02 2.857889541628796382e-01 2.129529329786257197e-01
-3.761323469592351559e-02 1.737572807837679256e-01 -1.310711016431445608e-01 -1.447558642773774662e-01
9.697185382418370414e-02 -7.058888260552019511e-02 3.624079895078884811e-02 5.705012024941038540e-01
-5.301704734547815073e-02 -2.300211193315884056e-02 -8.812144037366662075e-02 1.645961050055789188e-01
# ядро сверток:
-3.212136597599304921e-01 3.713496829158717816e-01 -1.492915309406573077e-01 2.003059764349392757e-01
-6.503412305554249519e-03 -1.371186308509242668e-01 -1.888840419530248005e-01 2.152926031675423957e-01
6.428797785415804045e-01 -5.272664235352406692e-01 -1.385621907680846809e-01 -8.801605066624146323e-02
-1.533672236659831545e-01 -1.518849290590902901e-01 -9.767578606498659999e-02 -1.374667562609470650e-01
# ядро сверток:
3.267151132338211861e-01 -2.023753876408654340e-01 -1.224121673345022199e-01 -1.962307373685319434e-01
-2.894633905920233619e-01 -2.714886354895626464e-01 -2.084561145874845034e-01 -4.611005508715993600e-02
-2.257770115978924297e-02 1.137370638925550362e-02 -7.884008848757019516e-02 1.227710255691597113e-01
1.765734489688847164e-01 2.628221389444188039e-01 -1.440732772620459679e-01 -4.327973355945229916e-01
# ядро сверток:
-1.475412954121799736e-01 1.119356161373258052e-01 -1.827597375125768198e-01 1.360796411867777438e-02
-2.491682724227469170e-01 -1.544599320085379354e-02 -3.749859712354901009e-01 2.340450814465778462e-01
1.274912808920738161e-01 3.406688387820129837e-01 2.756195347314971400e-02 -1.016089289030532375e-02
-2.060352684485824426e-01 -1.113060723290572734e-01 5.189406483184737240e-02 -1.543390516867408357e-01
# ядро сверток:
-1.008426982629147955e-01 3.505845822147366647e-02 -4.372807505442245779e-02 -1.772043127447496536e-01
-4.212180254540272006e-01 -2.015477726472810482e-01 -1.922491419942405078e-01 -2.588858731340452080e-01
-2.045448209915251558e-01 2.817105066332700747e-01 -2.756117316385607863e-01 -1.229880833234000236e-02
-3.789274725175295622e-02 -3.136649017101360570e-01 -1.978091920529630454e-01 1.151539312199812704e-01
# ядро сверток:
3.469832919642527602e-01 2.184533807848403064e-01 2.910967512728225293e-01 6.386437237195178307e-01
-3.554649531773815957e-03 2.061974255915682563e-01 3.705475469523972915e-02 1.635023538679253666e-02
1.858994216694704049e-01 1.030089125211080814e-01 -3.103199322731600707e-01 3.072191453162782526e-01
-1.878025366976899535e-01 -1.459260163842991398e-01 5.688329159696647874e-01 -2.699867214209977218e-01
# ядро сверток:
-9.001041695872608051e-02 3.025509200959006911e-02 2.604732289306773904e-02 2.212616576368067398e-02
4.240957274041559644e-02 -2.628695959293982920e-01 -6.167519685464389889e-02 -1.300305456341420973e-01
-1.879289504062146288e-01 3.455918667114919463e-01 9.174447161631076042e-02 4.758948918757326119e-02
5.510529238267147800e-02 -1.561906733614774612e-01 2.400421079620603804e-01 5.122091568441514697e-01
# ядро сверток:
-5.192055149021744531e-02 -4.076657570910036110e-02 2.016087199053693546e-01 1.609478274530158626e-01
4.453957590526494981e-01 7.617993969547019913e-03 1.845390215232077247e-01 -3.432245754571799368e-01
-4.623086596302420914e-01 1.673515926577610891e-01 -1.018995168188634448e-01 -1.663257308047062788e-01
2.996820271997673035e-02 -3.147946707552017331e-01 4.668928648656885394e-01 -3.233427136659756673e-01
# ядро сверток:
1.644501574491684381e-01 7.058405952092418334e-02 4.004333086755191284e-01 3.915807112258368750e-01
-2.721725800446312959e-01 2.840261094419814780e-01 1.131681727940817977e-01 -3.456048999124869958e-01
-1.039596504807762667e-01 -4.054096026930842367e-01 -1.890971997274473737e-01 1.023228896909455232e-01
-3.590604113073536108e-01 -2.528442758255005085e-01 -4.307924876938754727e-02 -3.773276780686039000e-01
# ядро сверток:
1.632750795271283029e-02 3.334174081681016283e-02 -9.257780126575559237e-03 -2.390447714848156768e-02
1.953700672893101675e-01 9.746927273620561993e-02 -2.647096954106040734e-01 -3.032301511036402664e-01
2.988532279820483306e-01 -7.440271412440165044e-02 -5.935882996196373967e-02 -1.468712939239170956e-01
1.695363946675728650e-01 3.713453605537872688e-03 -1.407432901481590337e-01 8.076246782329538076e-02
# ядро сверток:
4.255812772510735309e-01 1.243905151170741387e-02 1.165845600788182473e-01 -1.302811649125637239e-01
-2.318770126490889705e-01 -3.209514165186146406e-01 -9.268509936129286364e-02 -2.587859634175588286e-01
-3.586652936374494227e-01 3.358200175951496780e-01 8.036735889803706123e-02 3.190026251814376823e-01
3.059922751539012054e-01 -4.557610232646480686e-02 -1.418118192951149104e-01 -2.735440628281426978e-01
# ядро сверток:
-2.402171762339627703e-01 2.350711440496138227e-01 1.683557381313748047e-01 -3.281283386406625979e-01
-3.137031060411270555e-01 1.572192403374708114e-01 1.273521340451676427e-02 1.456629743567658675e-01
2.927788528383158395e-01 3.643915923785816247e-02 4.691004323018395095e-01 -6.300415356289916780e-01
2.159749098024413561e-01 -2.029286587836264810e-01 -9.167655571737398645e-02 -7.752160995714772913e-03
# ядро сверток:
2.963219685206106707e-02 1.753022376633911472e-01 -2.094754611204558137e-01 -9.044282702689068754e-02
-4.549669340256369543e-02 1.168715583840386069e-01 -2.135948211090519730e-02 3.107152881867156560e-02
1.412572335903378995e-01 -2.284484014529327978e-01 4.930398299351462787e-02 6.022216112224302448e-02
2.205460027324075353e-02 -1.070468182702502963e-01 1.398110999217539070e-02 6.901627124384866578e-03
# ядро сверток:
-1.767406596943890684e-01 -1.970098741818604171e-01 1.066863263075865272e-03 2.534744809173536950e-01
-4.354063869899929551e-01 1.698728673308350368e-01 -8.743497637587594948e-03 -7.355341468733990473e-02
-1.594891013160340890e-02 -4.306177913073451213e-01 1.550988554632434235e-01 -2.783846443435519791e-01
5.436786265329150020e-02 -6.242462862071994356e-02 -8.089318981503475225e-02 -6.581016149697229735e-03
# ядро сверток:
2.947091534445402117e-02 3.318326415139456476e-01 -1.045257783166772536e-01 1.838835397310389919e-01
-1.039866618463043541e-01 -3.873620150157500719e-01 -1.938490095008171266e-01 -8.146457310750324088e-02
3.984661508133047203e-01 3.005875290044386985e-02 -1.716319164767296512e-02 -1.356691232289763960e-01
1.432034955452234914e-01 -3.704711830928360539e-01 1.729801898456074516e-01 1.524046514745140413e-01
# ядро сверток:
1.646867668239576366e-01 3.510207693886975219e-03 5.462771279483029652e-01 8.285603366095929401e-01
-1.422628918774616336e-01 3.123270335726343605e-01 -1.618493894371366426e-01 -2.085367740826873928e-01
-1.399238088974108785e-01 -2.309247335361646891e-01 9.189051709784613886e-02 -1.201496509918596467e-01
4.890519925960780390e-02 -1.176741833848179335e-03 9.401338713377480061e-02 1.690477642746232578e-02
# ядро сверток:
2.627695139324665030e-01 1.409405924009669575e-01 -6.496276561657263193e-02 -1.256256919193114441e-01
-1.538681224346798715e-01 9.894313743585643472e-02 6.452597277909013496e-01 3.882532390097296476e-02
-3.789766746836531822e-03 -1.638318885248143952e-01 -8.929229573419431021e-02 4.024055168371412639e-02
-2.464289629319100505e-01 2.655508270995555753e-01 2.780230852681744858e-01 -1.811385436748979075e-02
# ядро сверток:
2.245011741217906309e-01 -4.107531575801930956e-01 2.515553138940886391e-01 -4.295689361608355239e-01
-1.999347229724001418e-01 1.166730483298168836e-01 -1.590047892066449309e-01 -2.967285319732226867e-01
4.106427057225401356e-01 1.361824657728616939e-01 1.969894167472270863e-01 2.819068249422752026e-01
3.213941208455877718e-01 -2.829702379577770932e-01 -4.325943263469528843e-01 -2.402514528896066565e-02
# ядро сверток:
2.041360834091251741e-01 -4.935683095248238894e-01 -9.140886858851254848e-02 -1.009211358440526146e-01
2.071777445705489940e-01 -5.931458318211660918e-01 -1.000296994330750339e-01 1.985196212387666803e-01
8.216422895945889315e-02 -1.211428975915318333e-02 3.392566355253932020e-01 -2.205720647545264534e-01
-5.190283751638001819e-01 -2.300459729546338594e-01 2.118624113801813036e-01 8.210581458283561229e-02
# ядро сверток:
5.620749030261035922e-02 2.632003503349530371e-01 -3.588434201156193715e-01 7.537791424369791327e-02
5.537946228110911251e-02 -1.986386102330193471e-01 1.454510197832858953e-01 1.395416874311052324e-01
4.978057247347268399e-01 2.431033110988172485e-01 1.497539136539201565e-01 -1.182289517284917657e-01
4.196767090713400261e-01 2.401468539164169913e-01 -3.277731566488151782e-01 4.487854822808074601e-02
# ядро сверток:
3.458685531505474864e-01 1.536538693813255807e-01 3.314336143756340790e-03 -2.271218961926477903e-02
-3.607037289087913212e-01 1.714534007730046938e-01 -1.875151750121868410e-01 3.910922498435424610e-01
-2.898341627857926039e-01 1.048722340589713399e-02 -5.722692348415429897e-02 -1.159628663773805829e-01
2.087191263466214031e-01 1.088655983769442476e-01 4.914915623753867147e-01 -1.081427254735248533e-01
# ядро сверток:
-6.700981785161877480e-02 3.183960368502015692e-01 -1.434101959476161148e-01 -5.403178540329198754e-01
-3.093154103460226192e-02 4.433220772786784503e-01 3.107453232776073021e-02 8.144031133353384078e-02
3.775270747827209200e-02 -6.620688781279507884e-01 -3.061759675771076883e-01 -8.030977453502487207e-02
1.002632111999668570e-02 -2.041575020207535285e-01 -2.745998963875520005e-01 -8.382176003950658760e-02
# ядро сверток:
-3.703289393550081021e-01 -5.980357943468790349e-01 1.440562796362639952e-01 1.849986661359863671e-01
3.336143618022996971e-01 -2.128467444343538073e-01 3.573862236474505960e-01 -1.599221752822351239e-01
-8.172965999420661598e-02 2.903008290172119921e-01 -2.659713125036927694e-01 7.016778719873622942e-03
2.400685145523133446e-02 -6.477907168003271821e-02 -9.801698709554468314e-02 -2.556461967573940841e-01
# ядро сверток:
5.415029651651654952e-01 3.087522843982528631e-01 5.724744819281118308e-02 1.123896751022263468e-01
-1.675045534847436068e-01 -3.628680221421328178e-01 -2.204950569068358790e-01 -1.740468210822629369e-01
3.223616123989960780e-01 1.979338537524441277e-01 -9.720212720984654220e-02 4.893730862049363445e-02
-1.865181245706464819e-01 1.319992835517632412e-01 3.086974829544271784e-02 2.707992740598307718e-03
# ядро сверток:
5.254584995241629725e-02 -3.197454305981505679e-02 -2.075950370116423638e-02 5.323963214673523847e-01
7.601718988941068289e-02 -5.596216604748528028e-02 3.317658426615799350e-02 1.466566757572452806e-01
3.786028689718440310e-02 1.430756180558922785e-01 -2.184745422405242887e-01 2.845823186584008346e-01
1.953197612580601095e-01 -7.925006535843007738e-01 1.933207319333675733e-01 2.628330622001315842e-01
# ядро сверток:
-1.955429436212258454e-01 -7.166464221420329461e-02 -7.251031796964335641e-02 -1.930342572827604131e-01
1.482964550272383442e-01 1.474123277874253013e-01 -2.393075277542618950e-01 3.266757924580461214e-01
3.282226767576026938e-01 1.334072471638130808e-01 2.785509199748337217e-01 -1.761612370477354250e-01
-1.981162655370074521e-01 -1.888194685080171464e-01 -1.059338392763307796e-01 2.865126555012038612e-01
# ядро сверток:
3.594921788803524115e-02 2.872611842468812404e-01 7.303420306861190259e-01 5.285848017389208758e-02
-1.725150739839165781e-01 -3.562239404897770134e-01 -3.522486488159721763e-01 1.679213701416263360e-01
2.685810218424100962e-02 1.954585466315862316e-02 5.319940066939874215e-03 2.111685759768504866e-01
-3.872797915501643429e-01 1.615374443662718762e-01 6.340123752985958594e-02 -2.448791303866742208e-01
# ядро сверток:
-1.512654938874994637e-01 3.509886850697384042e-01 3.333568534917844550e-01 1.574150265432993911e-01
2.217193225633558862e-01 -3.256174532002726885e-01 -2.410237934045523500e-01 -5.882437772310703528e-01
1.547851202013176761e-02 -6.113711243452310540e-02 1.182139455373770465e-01 -1.285804935678638017e-01
-3.195775363895749649e-02 1.537871544611741637e-01 -5.047185095341168853e-02 3.674376857852905132e-01
# ядро сверток:
2.076785842310860108e-01 5.251548275597626159e-01 3.365558440477091073e-01 -6.478552926257692690e-02
2.178738494742575305e-01 3.531442318009254677e-01 9.960790216096432337e-02 7.511067589842038150e-02
-2.981146411540506191e-01 -8.776245181232975034e-02 -2.328554715923497054e-01 8.593618698918524534e-03
-1.562444387818665015e-01 3.416259879191294035e-02 6.718194599016701074e-02 3.132532763266692721e-01
# ядро сверток:
1.096548105649559901e-01 1.986318683802090479e-01 5.530911583628160544e-02 -7.752643055958685636e-02
1.491254818493905343e-01 5.931571618807341545e-02 -6.179131703502956097e-02 -3.149132936729858168e-01
2.259474629750432562e-01 -2.058799992276385826e-01 2.560402851243746558e-01 -3.937039808777090255e-01
-1.092041952823690765e-01 2.865335129164062744e-01 4.008963173868672625e-01 -3.342603947019739952e-01
# ядро сверток:
3.468794938005417827e-01 -4.659203183527521608e-01 -3.018625767142087413e-01 1.706257191844732513e-01
1.716614594444791086e-01 8.541474970602866423e-02 1.148980793258222027e-01 2.454734823655470022e-01
-4.076192818626405701e-01 4.583330705865514831e-01 -1.901939038676372651e-01 -1.674698405568815773e-01
-2.079060389946666976e-01 -7.262555453327862454e-01 -3.863750918894137132e-01 -1.264244671102534301e-01
# ядро сверток:
-1.280874717861930079e-01 -1.204532947559680683e-01 -5.131560255911733481e-01 3.207306850193984982e-01
-3.517642746178192281e-01 -2.939610155235151678e-01 -1.900374842241732073e-02 4.157003707334985809e-01
8.800575797478926710e-02 3.009100639514149522e-01 9.555442110838119341e-02 -4.163092672182429066e-01
-1.970902731624796511e-01 7.636962969875252250e-02 -4.534810169504169819e-01 2.493591212339847651e-01
# ядро сверток:
-5.559356991448903551e-02 4.350316812140809231e-01 6.285319753254266228e-02 -2.202230684886325174e-01
5.668089797277595099e-02 2.247412697889446531e-01 -1.690716189665207314e-01 2.763248811219706780e-01
3.403544582099252702e-01 -1.364606368175116102e-01 -8.473812953789397126e-03 1.054596248226946989e-02
7.199074322230104850e-02 4.408203996001542474e-02 -6.225136109569026077e-01 1.972015048851975261e-01
# ядро сверток:
1.248692421995054314e-01 3.353611049452571158e-01 -1.943801925881459280e-01 3.358216991370184812e-01
2.434267579807600779e-01 1.235691996080860861e-01 -7.010707662837789567e-02 -2.632008728568144273e-02
-6.775765930637204018e-03 3.266963964803651366e-03 -1.248182215247281984e-01 8.286287481281084943e-02
2.817850945560807507e-01 -2.287083282706040346e-02 -1.180659993870405849e-01 2.826186171407792935e-01
# ядро сверток:
-1.224602164470437599e-01 -8.153389022507771811e-02 -9.899216179891376366e-02 5.712346315169620353e-02
1.112644449067136387e-01 -2.691734193926779151e-01 -2.465594445588998318e-01 2.413380064554067339e-01
-1.031308817681755863e-01 2.376079230313848586e-02 -4.151517621045868744e-01 -2.110968426170573009e-02
-3.365767414601605334e-01 -2.133434269070707823e-01 5.958023437363828556e-01 -2.649145059220948117e-01
# ядро сверток:
1.106879549342344587e-01 -7.273505585012547681e-02 4.744553795081635911e-02 4.071281514211365637e-01
6.371867909420592113e-02 -6.064369825224879412e-02 -1.213079590470067803e-01 -4.735630722934959236e-01
-3.713368636030848213e-01 2.621588992402230645e-01 1.512785590996135188e-01 3.054343637662766398e-01
-9.170046072949385174e-02 4.601477704079384168e-01 3.231556855904231251e-01 2.394133799033860144e-01
# ядро сверток:
-2.444918304035556891e-02 -3.379713655460786503e-01 -1.502535370193915087e-01 2.604682461585438591e-01
1.489150109728626381e-01 -4.850217568011576386e-02 -6.164901984515398503e-01 3.824997478574681531e-01
-9.065557215554870263e-02 2.336989423268571453e-01 -1.285143963328867212e-01 8.610286127602549688e-02
3.160486495797175388e-02 6.595472156804452202e-02 -8.570271253387414315e-03 -1.812353441962209488e-01
# ядро сверток:
-1.534468452083684320e-02 -7.824918966997895797e-02 4.178193383954162399e-01 -3.512668817148544842e-01
-3.305940707115075372e-01 -3.227863042957759138e-02 -1.062730794458918437e-01 -1.150973153597603139e-02
-7.367191784254288611e-02 3.234244067720298266e-01 -6.632978530323549449e-02 2.234678121938134532e-01
4.190972679195028583e-01 -1.565434208141418260e-01 -1.721942451955734144e-01 -4.292117217230880799e-01
# ядро сверток:
-2.302836176002781288e-01 1.739818392423940138e-02 -2.305840167022472353e-01 -1.013733282549358905e-01
3.013581843445486963e-01 -4.880875533835680319e-02 1.471148141010890364e-01 2.241042864354925168e-01
-2.449195574234800943e-01 -1.865271862809705083e-01 2.465614076095350993e-01 1.097297261225407966e-01
-8.909207887989491204e-02 -2.011622224602756803e-01 7.012382708030871770e-02 -3.938448598584994853e-01
# ядро сверток:
-3.713283575046181229e-01 1.054736190747346536e-01 -9.905971190903078982e-02 3.608397989910892001e-01
1.688106194987561148e-01 1.141276000242254507e-01 9.299238624540449860e-02 2.967018525534466100e-01
2.229794929552193494e-01 5.256831908845208297e-03 2.807665188778155629e-01 1.114279837718865490e-01
3.219505144257763796e-01 5.404502240426756893e-02 7.572198970047200328e-02 9.173549923323921773e-02
# ядро сверток:
-4.894720904051785282e-01 -8.568083689361812028e-02 -1.010681385171892377e-01 -1.167744276563186107e-01
4.659258764737140429e-02 4.326015847338730153e-02 -9.931035415312773618e-02 2.567844382471778583e-02
-2.690609746553625503e-01 -5.383008253537976406e-01 -1.490654950602637030e-01 -1.865146197381697402e-01
-9.329897634972458831e-02 -1.083346650740782680e-01 -1.394694509282018435e-01 -7.159583707504725558e-02
# ядро сверток:
3.747119814557487993e-01 -5.529172662373195435e-02 2.040310633688020847e-01 3.169632563983019180e-01
-1.925144878027170228e-02 1.697630478432078371e-01 2.443062546462108908e-01 2.005678194849914164e-01
4.341249502514848979e-01 1.522239087457543383e-01 6.595348762379270313e-02 -1.415544906596319548e-02
-5.090072725588939972e-01 4.995632361229728202e-01 2.234676043118933031e-01 -2.884467071612771272e-01
# ядро сверток:
3.465357259056361938e-01 -3.670812948450431767e-02 2.777767194641997395e-01 -3.056483630657654271e-01
5.812219045430399439e-02 3.622961442626896900e-01 5.692444060907658754e-02 8.506356295300306070e-02
1.028131452939977236e-01 4.621089805147711171e-01 -1.411742167148715144e-01 -2.364112719990342504e-01
3.358969207951511549e-01 -9.162696880159855450e-02 9.415919332062012981e-02 5.482606649470953553e-01
# ядро сверток:
-6.745230776026506225e-02 -2.492599271304252878e-02 -9.331019702198661836e-02 -5.193939401103163378e-02
-2.045267466657417488e-01 2.349683547954251051e-01 1.571701102499318387e-04 -2.601244484288773307e-01
4.798195644640129709e-02 -3.330028121376984451e-01 4.542410516020957412e-02 -3.414762120295691261e-01
-3.647695109437130712e-01 1.474703539211928982e-01 1.925792236670223478e-01 -2.451391537664810161e-01
# ядро сверток:
4.077710234119126809e-01 3.111363111870038001e-01 -2.536782652960616335e-01 -1.986387026863361271e-01
3.652405850951963989e-02 -6.060937965513876757e-02 8.693130940089279293e-03 5.839567891549712897e-01
-3.480429318558880825e-01 6.840672464105750040e-04 8.864539711129320850e-04 2.345743957150989503e-02
-2.155726542958912376e-02 -4.616419620782328398e-02 3.677184987421801277e-02 1.909111909420302955e-01
# ядро сверток:
-1.269334879090888990e-01 -2.836857410111290334e-01 1.303701424598744385e-01 1.664147330289989790e-01
3.127182595109695984e-01 -1.289416266124192023e-01 -1.559402023393110792e-01 -1.511364753312854220e-02
-1.436340220949584023e-01 -1.238582198611645063e-01 -4.696142156038538018e-02 4.052665749439204324e-01
2.766394479410421159e-01 -1.137261151413137966e-01 5.973881522637302099e-01 -2.190180694266500028e-01
# ядро сверток:
-3.432604541118747798e-01 -1.951275310723667722e-01 2.528097604420206923e-01 2.692460378383210728e-01
-1.706586914518434805e-01 1.839028391679132790e-01 -9.728953807597304215e-02 -6.627452489203120023e-02
-2.568306408236312177e-03 -3.102047494494217239e-01 1.655255639536010459e-01 2.362893272357875496e-01
6.339021584927293507e-01 2.390702588930672945e-01 -2.569691038261946031e-02 -2.484838034140914587e-01
# ядро сверток:
4.398303865638549803e-01 2.337552760057615697e-01 -1.635066609495495205e-01 -2.288599368181341298e-01
-5.228602438968209531e-01 -2.106314288909447163e-01 9.276807596747935203e-02 -4.207444048095446698e-01
-5.173206707494640982e-02 1.375408237193672389e-01 1.536385394047150577e-01 7.214786343750041742e-02
-2.631928210030290427e-01 -2.382187065786024183e-01 1.355455563109094208e-01 -3.224503440410433353e-01
# ядро сверток:
6.919882808871678781e-02 -3.728685483404737266e-01 -2.790853969982102223e-01 -1.829739858272079120e-02
4.345483064522907835e-02 -7.950141778993638497e-02 -5.605661553070676734e-02 -3.364618710673611401e-01
4.621897742904547135e-01 1.445778542313257142e-01 3.794169772820905201e-02 -1.969856750683914859e-01
4.144457869858414467e-01 -5.972516396370186609e-02 -9.989314111959037013e-02 1.534659117135478978e-01
# ядро сверток:
2.320656687105805138e-01 -9.502926340234004246e-03 1.691397924060129010e-01 -1.323750509473049508e-01
7.459583476221406939e-02 -2.081231216861240962e-01 7.333310075436999531e-02 -3.146303172633705958e-01
-5.410885837980171642e-01 -1.857540632863879590e-02 -1.953983132705610082e-01 3.358051699529035483e-01
-1.854706138821763522e-02 5.988049460070665742e-01 2.409322213305283289e-01 5.390847789391823852e-01
# ядро сверток:
1.432979201750512466e-01 -3.844938959783100046e-02 -7.961884261931788387e-02 -1.045486812027455470e-01
8.317906683568390691e-02 -4.939827285672829804e-01 -1.668052764895679996e-01 -2.205195285131440752e-01
1.460666698950550679e-01 2.902252776860033551e-02 -2.052962990428372769e-01 1.345409552481606208e-01
-1.791035177042273330e-01 -8.939710749452606242e-02 6.958040335109605401e-02 4.519044824640124913e-01
# ядро сверток:
1.146062606657419387e-02 9.219534294516198991e-02 2.601231503306316029e-01 -2.243992537914612229e-01
-1.834775472739197388e-01 -7.913435479498595604e-02 3.137842932602146750e-01 -3.618848778799513277e-01
-2.914935898049145213e-01 -2.033870191584154774e-01 -1.161169431483982523e-01 -2.487376858956677136e-02
-3.977054612367582620e-01 -1.391849338343892073e-01 3.684231346234917437e-01 -3.026797965118577238e-01
# ядро сверток:
-3.361175784457818838e-01 1.348947625526578931e-01 3.463705101268798603e-01 3.804981294879004050e-01
-4.161292203506298804e-01 -1.826122261874580377e-01 -2.065734086920356094e-01 -2.624258389319168439e-01
2.024344543493752369e-01 -5.756843917394029175e-02 -1.694748644390225989e-01 5.899979013339965578e-02
-1.060527476925898077e-01 2.356946525275278037e-01 -3.075122573601082321e-01 3.727892663655065220e-01
# ядро сверток:
-5.444716196220180521e-02 -7.468513046020560653e-01 -9.094178892120775848e-02 -2.187316974924187196e-01
-2.381570158654809366e-01 1.917721995264744794e-01 3.776810748489453085e-01 1.833783100911662023e-01
-1.634709684063602453e-01 5.267715638079067952e-01 2.586392817623058282e-01 4.669227375614745101e-01
2.910515906986000378e-01 3.936102156041465516e-01 3.647958186103698597e-01 -3.238597998733305783e-01
# ядро сверток:
3.500516533087873194e-02 1.035409682390482922e-01 1.414799249182302210e-01 2.412643538948063271e-01
3.505327694651261816e-01 8.850312713597568992e-02 -8.607414214862664503e-02 -4.388003874161981038e-02
-4.497903934220211231e-02 -5.301624987322187815e-02 5.186758623743462082e-02 -3.936983348857167608e-01
3.660017320584084688e-01 -5.217736573444534676e-01 -7.859416132787435672e-01 -1.111861665078522771e-01
# ядро сверток:
-3.646471283279241193e-01 1.097767795621301945e-01 1.138012059668327691e-01 -2.728480842542272966e-01
-1.727426088059469123e-01 -3.007618147097207983e-01 -6.038530139160962901e-02 -1.520693240252164735e-01
-4.777110642747630642e-01 1.689131607478052965e-01 2.895158272229407803e-01 1.731699629559136366e-01
1.555109732908784292e-01 1.466287973424774405e-01 -2.088480949697376077e-01 1.284681421562181014e-01
# ядро сверток:
1.397570404786430687e-01 -1.162591134734857756e-01 6.043142930415187214e-02 1.078504537287641452e-01
-3.681364426446371296e-01 -1.144190376145936966e-01 -2.724848020598249487e-01 -7.352628636939317897e-02
2.314191781231174083e-01 1.814557124850450440e-02 7.689668643727402830e-02 -1.361904077554363657e-01
-2.728731561910716086e-01 -9.191350575898336872e-02 5.984782536703051048e-02 3.287669153583258619e-01
# ядро сверток:
1.387172511575310296e-01 -1.221831974356504258e-01 -1.347066984317388527e-01 5.591918356379703414e-02
-1.407148776788469668e-01 -7.281328541297133958e-04 -2.630942324784366071e-01 2.542569932962137069e-01
1.520525709154775529e-01 1.396072843158935872e-01 -1.015067645942941826e-01 -1.945097793553078880e-01
5.022511715053804005e-02 1.277728823502539135e-01 -4.812698373286201231e-02 2.909358096483460887e-02
# ядро сверток:
-1.034011888282161257e-01 -1.620141174431763142e-01 1.404401429342140017e-01 -2.670626076065608090e-01
2.112953709737151187e-01 1.499154842638692441e-02 2.268157387785096624e-01 1.916226655532514769e-02
1.203971485113646822e-01 -1.129323490369422284e-01 1.371911190815117976e-01 -7.942310402813805570e-02
8.455289263408527489e-02 3.172091464476305411e-01 1.410939558673360850e-01 1.116782712964761309e-01
# ядро сверток:
-4.208822767314376184e-02 2.328671494805516495e-01 -9.678015670969437878e-02 1.037502100741231337e-01
3.233062494690740196e-02 -3.280605444861399156e-01 1.414476744939230646e-01 -1.991189595851922470e-03
7.451004142166216537e-01 -6.688632697712502961e-02 2.533845196975451075e-01 2.067584971977072528e-01
-1.762520555078435636e-01 -8.931682558444348219e-02 2.794341228979574931e-01 -1.156689623902676795e-01
# ядро сверток:
4.266363831013261221e-01 2.065680416265780125e-02 -1.805074321791519110e-01 -7.757463161217857672e-02
-2.835588535762519347e-01 -2.951832983779905106e-01 -9.414818107212705178e-02 -1.268816536677549178e-01
-5.600622657709839469e-01 5.883887713890215143e-02 1.954330308090818924e-01 3.365133634965964543e-03
-1.687717066572097246e-01 -2.306234937598799772e-01 -1.613171268642735190e-01 -4.508826693396106311e-01
# ядро сверток:
3.545035080086382795e-01 -4.712891851177252733e-01 5.583325882933950352e-02 -1.777358551566991796e-01
-2.149946477436962267e-01 -2.259260082031362693e-01 5.353813216997734825e-01 2.521554571935271105e-01
-5.868989677285362146e-03 -4.044479506741870123e-02 -5.416413828219587834e-02 -2.889331332060103841e-01
2.169628149894021474e-01 -4.485795370005269539e-02 3.924088660756690217e-02 -1.187136292363455137e-01
# ядро сверток:
-1.688856338868644294e-02 -6.616786827840920315e-02 1.840419064821885164e-01 -8.012114749187700113e-02
7.258920655378230113e-02 -1.525482523632081810e-01 -1.146944289027041625e-02 -1.576341963673596192e-01
-1.517956008528475176e-01 -4.117698294328232533e-01 3.007649197921403172e-01 1.181138091726581935e-01
4.602699208333005387e-01 -3.540405073384853690e-02 -2.270003553710508298e-02 5.495016067524011866e-02
# ядро сверток:
-3.085148977269751569e-01 -3.953237887256263322e-02 -3.406487456228762811e-01 -2.307216683448801153e-01
1.470849322572399809e-01 -7.214362513485373940e-01 6.016669663005318192e-02 2.092628165650905758e-01
3.228752424681207711e-01 -1.080266222256724556e-01 -3.402401223040347755e-01 -3.138021038187715096e-03
1.203677546239458607e-01 -3.109867651395766819e-01 4.900557948802557462e-01 -3.763775756876973633e-01
# ядро сверток:
-1.713350230245143657e-01 -5.993100868791839675e-02 -2.390289189068563191e-01 1.224941421997848001e-01
1.274028409292816688e-01 -4.534372009229778455e-01 2.116204587832500039e-01 2.314866749939323010e-01
-2.704747580580915134e-01 -6.584831403428125229e-01 -1.890622868936001760e-02 3.650496928306994349e-01
1.895073977032389057e-01 -1.065509475613407447e-01 -2.404380261009941011e-01 -2.868252783549691265e-01
# ядро сверток:
4.482901205266064948e-01 1.258477929824997066e-01 2.065163582249832930e-01 1.192984054547580192e-01
4.229547637705710073e-01 3.451164379037821028e-01 -4.401019301251924420e-01 2.072752439696350785e-02
1.682687541418445565e-01 1.003292254712343096e-01 9.107827262251490252e-02 7.495264237492654802e-02
1.570431714678934554e-01 -1.091535080914090017e-01 1.715344820765794809e-01 1.271752279845827192e-02
# ядро сверток:
1.605007507450278426e-01 1.053565931211090795e-01 1.894881425227852301e-01 3.846153013673248716e-02
-4.443057720570739444e-01 -1.493456976979558593e-01 5.975757153990814141e-02 -3.531626738818616218e-01
3.611663257125408838e-02 -3.226382524807450136e-01 -4.535655531600013557e-02 1.936086591593539907e-01
-3.087283537487117702e-01 4.722790110253697327e-01 -1.157156796341276689e-01 4.106284240134742275e-02
# ядро сверток:
1.160830331279241907e-02 8.461226452769289585e-02 2.488669107481545906e-01 5.296160000864359452e-01
-4.032543537371905962e-01 2.411649347713095137e-01 1.065173134865563392e-01 1.783551101077297252e-01
3.869947388894689339e-02 1.815120735284201092e-01 3.279529115717824128e-01 2.287759780893102446e-01
-1.093903801657990921e-01 -3.141801118219048061e-01 3.836626693694245027e-02 -4.250903877312403600e-01
# ядро сверток:
-6.696851039824373852e-02 5.127572011080085979e-01 1.765338101809470206e-01 -1.562015635783194634e-01
-4.141971384392966193e-01 -4.015220362610265326e-02 7.985222415236377380e-02 -5.796277993618041691e-02
2.602555369867057267e-01 5.305348562783831490e-01 -7.745499226499214440e-04 -1.436602011289569991e-01
-1.914687008064963614e-01 1.386376801798902270e-01 -2.198365018016708305e-01 2.691412302943974044e-01
# ядро сверток:
2.270775826725425495e-01 2.865110072635603244e-01 -2.378359273975109989e-01 -1.994285344905543100e-01
4.848932156869773490e-03 1.184086904719818534e-01 4.745306911623955459e-01 -1.505572273252547000e-01
4.397373389913349084e-02 1.939514046166991579e-02 -4.049755015415142378e-01 5.571721733112040831e-02
1.043159592929820134e-01 -9.335557214546090499e-02 2.273827010391898940e-01 5.491812071489950153e-02
# ядро сверток:
-2.054445275102556312e-01 1.595551718768463967e-01 -1.660300576256905358e-01 5.563767367794927310e-01
5.197516373707838921e-02 -1.980305308465963587e-01 1.960520040889325577e-02 -4.608899723698865747e-02
3.098821875417854810e-01 4.266596359916138143e-02 -5.483512810751151045e-01 -1.008138179562252934e-01
-2.554395624176924451e-01 -1.516565501672400840e-01 -5.122993459204404632e-01 9.011518397381704237e-02
# ядро сверток:
-2.628844982987930123e-01 -1.121177223474722484e-01 2.089324035986850348e-01 2.038419456278012798e-01
-3.368167511799975422e-01 9.224059405530071754e-02 -2.004110349586395168e-02 5.231429657499693242e-01
-6.556861583646671210e-02 -8.085933843970527155e-03 1.166914316226337345e-01 -2.782460593131266258e-01
-2.130261070820838598e-01 -3.267989468586160462e-01 -3.364323572709631005e-01 -5.011132984935099399e-01
# ядро сверток:
2.313409847263512009e-01 -4.518288566786371474e-02 3.683779722688135250e-02 -5.126908072656272131e-02
-3.426045862262728364e-02 -2.172995724905285864e-01 -2.932476915252908989e-01 -3.092680489671384772e-02
1.095797080542382645e-01 -5.255210792722284779e-02 2.958293145128015195e-02 1.424790556399915253e-01
2.678605707180269913e-01 9.927947511880275133e-02 -7.620606186458839248e-02 2.058456863442470475e-01
# ядро сверток:
-2.576553251890379426e-01 2.722640893290065311e-01 -2.067637020568284245e-01 -2.792441561609944334e-02
1.919165304486645796e-01 1.839042626617101717e-01 -1.396330115149074513e-01 4.033599528845935867e-01
2.343472420886483498e-01 8.392978286497480844e-02 4.490712529443841028e-01 -8.071517644839544536e-02
-3.924499186143733109e-02 9.539266991140431251e-02 2.340878728796493280e-01 3.289552225480034675e-01
# ядро сверток:
2.782978057281610407e-01 -1.996246400895574091e-01 -2.046979323492542358e-01 2.389724732005715779e-01
1.140396531088403997e-01 -3.773597506644275207e-02 -1.141963943869652165e-01 -4.227019070363347009e-01
-9.476247674411976407e-02 2.785031733407167809e-01 3.724945385074711623e-01 1.550066427258907087e-01
-2.069560630435474669e-01 1.282191213272242114e-01 -1.039313120842612903e-01 1.955134740290599693e-01
# ядро сверток:
2.367316945494343100e-02 2.052686167418651397e-01 1.102413417489531144e-01 -9.458077578024247020e-03
-2.009125330679878696e-01 -6.207942506227073221e-01 8.242465165205932476e-02 1.640263996334006269e-01
3.809213837860753182e-01 8.229627285820691196e-02 -1.541162628396056979e-02 1.317483447704621141e-02
-2.001506706513532866e-02 -1.177159169442971581e-01 -2.257945376928723880e-01 -2.893679344522279151e-01
# ядро сверток:
-2.196538403113789950e-01 1.496007121623069702e-01 4.079619655903352071e-02 -3.377144412670593510e-01
6.475176105104327728e-01 -6.456774632902143596e-01 1.794486069357132119e-01 -1.287451741389316895e-01
-5.223863724690314125e-02 -2.790197906263863770e-02 -3.043638828607087010e-02 4.526037410032517916e-01
2.157955567601480551e-01 -5.860369851913130312e-02 1.897463832427742358e-01 3.638054606962333737e-01
# ядро сверток:
-1.910830129620867956e-01 -2.286302395014452316e-01 -9.713253635302757094e-02 2.179227467876420077e-01
-1.425792202622877536e-01 -1.853331174923878721e-01 3.069309846590019195e-02 -2.002174204383743994e-01
1.551403723096982656e-01 -6.366549561320612727e-02 -5.233064832911400455e-01 -3.259658202980515729e-02
7.705542538052420620e-02 3.850562697716953392e-02 5.809144916732889019e-02 2.280956242909324694e-01
# ядро сверток:
4.163214143998867911e-01 -3.497691603939913352e-02 -1.785029909608675802e-01 2.217161608572520148e-01
2.238034226907889002e-01 1.066201030598504934e-01 -6.241661103424894774e-02 -4.119872785023461770e-01
2.975808040205429883e-01 2.396768432380752545e-01 2.383028441927327323e-01 1.815092449956460519e-01
3.390518147153663564e-02 -1.617339486083036459e-01 3.262289072267426371e-01 2.102278536823273813e-01
# ядро сверток:
4.040881424412445799e-01 4.445344865716380767e-01 3.781404640731755307e-01 -3.838358391758612265e-01
3.248038813997380370e-01 -1.365292618188110874e-01 -9.759822591037327355e-02 -2.504715329482722422e-02
-1.780904609299864202e-02 3.722989231466137805e-01 -6.525188421157446066e-03 2.150509339589727342e-01
-1.929290827762507876e-01 3.355479438371273271e-01 2.703453368544951885e-01 -2.742449439686170942e-01
# ядро сверток:
-4.426591782243357587e-01 1.343473280831556926e-01 4.776115363092760246e-02 -2.447904419340864168e-01
3.850019986837857067e-01 -3.313925907436216511e-01 3.835691302638998684e-02 2.773983050428930341e-01
-2.918478113522370299e-01 7.325325066659271744e-02 -9.592427329285058146e-02 -3.469705312867049640e-02
4.616974460634926808e-02 2.301023343391793430e-01 1.999616452146974199e-01 -3.113358719757318149e-01
# ядро сверток:
1.044208048205384487e-01 3.576262645302022425e-01 7.492184298003673470e-02 -5.049020741776429066e-02
2.691238556728662301e-01 4.406142463384749020e-01 -4.061892455371560740e-01 1.566906301628714082e-01
-3.557041153863291227e-02 -1.357957670484473411e-01 -5.982317136935829671e-01 -2.594782967197284407e-01
-1.342749830828815771e-01 7.064235830699099050e-02 7.559812891609037078e-02 2.965777141155292451e-01
# ядро сверток:
-1.866510865963110777e-01 4.180524458619025441e-01 -6.144201421027246229e-02 -1.161449577818923634e-01
2.381930631347889127e-01 -1.732027878809175025e-01 -1.587764327555548360e-01 -3.906609435335544472e-02
5.095191600861567194e-01 -2.674637452541938631e-01 -8.471584804373916144e-02 -1.247189160811704167e-02
-9.006314636958219488e-02 -4.350720685683203692e-01 2.480726148740548115e-02 -6.747707522858646667e-02
# ядро сверток:
-2.343513249539980192e-02 1.639082871513724005e-01 1.866015683677766657e-01 -3.979867229188429473e-02
-4.446251318814320452e-01 5.178099948165894029e-01 7.276388656862062265e-02 -3.392389842483793660e-02
1.187453818737149169e-01 1.042114646347340190e-01 -1.327848166599714663e-01 -8.876840632871585424e-02
4.196759494437726223e-01 2.752726217075783244e-01 -3.619648305994588311e-02 1.038709363949935627e-01
# ядро сверток:
-1.707940301222429236e-01 -5.484699508510335608e-01 3.163264020212967487e-01 -1.357703903652536792e-01
-3.919162750256078853e-01 -5.317864248749781808e-01 2.863423271349573307e-01 2.540165394807903376e-01
-3.197024310841961592e-01 2.897852401482560111e-02 -3.050122638114892704e-01 -1.694179157757872145e-01
-4.716048886781333549e-02 3.405410406519248090e-01 -1.879139884522819937e-01 -1.519934890647070824e-01
# ядро сверток:
2.651462675746057290e-02 -1.400434543631339512e-01 -2.050777814301512347e-01 2.768931058534774836e-01
-3.189500446478951146e-01 -1.830180974565997765e-01 -4.789239026601468940e-02 1.957279157388577828e-01
-1.030191484485286912e-01 3.013501322513169045e-01 1.029198080717820402e-01 -9.908915640160598226e-02
-1.404815717777812556e-01 -1.106101696477320706e-01 -6.150412460193140918e-01 -4.575068888387345267e-01
# ядро сверток:
-3.798812065565732032e-02 -1.235365148844496386e-01 5.090533398901918583e-01 -1.376929785434844455e-01
-1.128005953103582287e-01 2.360511662919661732e-02 -2.911472669736806518e-01 3.779394699480453368e-01
-9.291165753314219178e-02 8.958281669367192113e-02 -2.993389564657271684e-01 -2.365002528587972219e-01
1.722915040300766754e-01 -1.185329485151343371e-01 -3.120887030639416526e-01 -1.460242334963839927e-01
# ядро сверток:
-1.992801993690117013e-01 -2.173711643004420935e-02 -3.253875619184934398e-01 -8.253634103394213994e-02
1.777537939668960565e-01 -1.456829365506014801e-02 3.243849410728855687e-01 4.713909534112039612e-01
-1.804491192243284636e-01 -4.591578705884843403e-01 3.978280300748601728e-01 1.856075310426214819e-01
3.844436715568149143e-01 5.109150686459685842e-01 -2.701567377310013507e-01 -3.276617003696841168e-01
# ядро сверток:
1.511890028623048832e-01 4.161801662705258975e-01 1.121968292135118971e-02 7.034351650744462281e-02
-8.760190934828229747e-02 7.153962326148512185e-02 1.719077231701248432e-01 9.668962112556107880e-02
-6.385577280787566035e-02 -1.739321144331008040e-01 -1.653744518164143584e-01 6.549557701811598541e-03
2.516596333866134017e-01 1.064344861776654882e-01 7.649119856157060582e-02 -2.269513910576267252e-02
# ядро сверток:
2.229528586204230223e-01 -8.416141019862918848e-02 -8.177176846053459125e-02 -1.398316434120430718e-01
-8.510930852226913923e-02 2.956540855578810856e-01 3.902050036559691348e-02 -9.780687948484692584e-02
9.410430032534801426e-02 -5.873024135345075031e-02 -3.090065411055810118e-01 -7.835932193278999369e-02
-2.389944530223916952e-01 -1.528819029275288732e-01 3.038868867368519910e-01 5.189532498047670916e-01
# ядро сверток:
-1.142411403648293244e-01 -5.969956714993220753e-02 -5.260914499061691840e-02 2.779817687505333201e-01
-5.274729459489383432e-01 6.468661889042949531e-02 1.925224546935655479e-01 -1.176195126279061531e-01
2.946461731199646536e-02 2.838404897744470357e-01 7.252904391089243230e-01 -1.755953167540572346e-01
1.614417326637043182e-01 -2.338874535815390343e-01 5.531730047211119022e-02 -7.028738653725809249e-02
# ядро сверток:
5.041069393123135400e-01 3.392212047780570616e-01 6.764828076287326963e-02 1.023449265182826140e-01
2.173473188475690335e-02 -1.659004038646643697e-01 -1.873998585500177838e-01 -1.093067313596406825e-01
-6.708267976107379349e-01 -4.713307604796507927e-02 4.312908719566822535e-01 -2.996306148087959920e-01
1.912623350161106461e-01 -1.550054242957232646e-02 1.839380809393750260e-01 -7.860383282438855590e-02
# ядро сверток:
-4.142457901484299931e-01 -2.283857202777987983e-01 2.872362852297224434e-01 1.058365781951237788e-02
-4.487683996105144013e-01 -8.417061175988539701e-02 1.697449153788715692e-01 -1.355056839503922805e-01
2.309326105637986015e-01 -2.356651500996340964e-01 1.216996325839550253e-01 3.864760026410627991e-01
-3.005619877439308918e-01 -2.404742204575022191e-01 5.463629078372163050e-01 2.009405938585993867e-01
# ядро сверток:
-1.713471940731381704e-01 -2.760426880532378946e-01 1.674730365488215633e-01 -2.068938882495603704e-01
3.813547963041889477e-01 2.425188990335933603e-01 -3.691919736348525105e-01 4.384402389568482772e-02
-1.701233830443439343e-01 -3.345840383980794308e-01 3.079961889527747521e-01 -1.912273305162356662e-01
4.882226900911054712e-02 2.073233925112966114e-01 1.068406995344493987e-01 9.968414857903833137e-02
# ядро сверток:
1.731401004090754869e-01 -9.727380860161008447e-02 4.316650175771184067e-02 -3.149020315781276280e-01
-1.604376399769640027e-01 -8.936784047253237828e-02 2.773590612450003712e-01 -8.996943150788785926e-02
1.559938406299297142e-01 2.933989350537956065e-01 4.059017018311077835e-02 2.245523813807062397e-01
1.566883584856457456e-01 1.174206090764915861e-01 -3.305771070767253850e-01 -2.160226793881352483e-02
# ядро сверток:
1.986402979150050652e-01 -6.858921298939091304e-02 1.492945623014035883e-01 -1.619484924430073317e-02
3.542151583247699076e-01 1.134123402120636170e-01 1.217319023060788041e-01 2.934365352580427591e-02
-1.051500464646150379e-01 2.524069691741908650e-01 5.802293530357583405e-03 -1.921662084971447193e-01
-6.465947584405530302e-01 -2.945166328658174182e-01 -3.402216475538454542e-03 -2.037344870583083500e-01
# ядро сверток:
6.172172402077703846e-02 2.409120225139460836e-01 2.092315461056961368e-01 -1.780114770989955630e-01
-1.036045135465054889e-01 1.126706482200963005e-01 -3.048460416593364863e-01 -1.454304606250385601e-01
4.633089252821588899e-01 3.879916975450298927e-02 3.534108331492126776e-01 1.672121365435067231e-01
-3.014605176058639258e-02 -1.128242016839544754e-01 -2.387052548505364524e-01 -4.099465425984871181e-01
# ядро сверток:
6.233135971891856641e-02 -4.078000291303170988e-01 -3.691526316754223935e-01 -5.727044082059556951e-02
-1.753741995211250890e-02 -1.941433673356735834e-01 3.242733822080300921e-01 3.960051740543388266e-01
8.719624641540560384e-02 -5.343329943806560817e-02 2.851867314581377766e-01 -2.636320819666150284e-01
-1.491477366792097470e-01 -8.538444618429005817e-02 4.240407650895478553e-01 1.122376599216186877e-01
# ядро сверток:
1.902052173680975067e-01 -1.138223630972803740e-01 -2.716745527317673270e-01 -1.914527768460889175e-03
-3.606966703183255851e-01 -3.316570633732226492e-01 7.354960303327812143e-02 -5.002592078425327493e-02
-2.376351416352672496e-01 -1.905211731081637716e-01 -1.955183661179638599e-01 1.742466529816350806e-01
4.371539579106206025e-02 -1.200600466464637750e-01 1.711380682038031453e-01 1.075488117778974906e-01
# ядро сверток:
1.072968770681167888e-01 1.072112681129594597e-01 -3.754787944354314178e-01 5.022450127432733780e-01
1.010886540333235106e-01 -3.188431747742791200e-02 -5.535567774683978343e-02 -1.336850553606230008e-01
-2.490431843789857047e-01 -1.166400395500137854e-01 2.754087523834012896e-01 1.072036969795188421e-01
1.271539231659821745e-01 -1.620357573961100570e-02 2.087311094886134741e-02 -1.210679425816363342e-01
# ядро сверток:
-2.546313307635002243e-02 -2.997129676142704646e-01 -1.124204962714626726e-03 9.636356565369573468e-02
1.684405593451439032e-01 3.775312761903849151e-02 -2.102708583905085193e-01 -2.531200979286895025e-01
-2.333946486043808333e-01 -6.347726414565141306e-02 2.515390608521556048e-01 1.083551162003830171e-01
7.217166002372639444e-02 -1.836558016446135089e-01 4.533555610686585413e-01 2.512057032397679163e-02
# ядро сверток:
-9.457918419688600767e-03 -2.119994043502308467e-01 -3.189824318717409679e-01 4.619531260438756726e-01
8.992239479784303047e-02 3.599001840668006880e-01 1.326544887046322008e-01 1.950503128765466998e-01
2.674104892425439028e-01 2.525958321217596780e-01 3.131956066933812566e-01 1.367802633400400925e-01
-4.064040839002888705e-01 -8.496100086960298170e-02 -4.278027886274701763e-01 2.210141791514481369e-01
# ядро сверток:
3.279187839586343856e-01 -3.514574146931073173e-01 4.061432894284476292e-01 3.817087575162364521e-01
8.207685336706274648e-02 -2.093036965654020490e-02 -4.785041062898191533e-01 -2.101553818629239567e-01
-2.934505922391515975e-01 1.611080646791750171e-01 3.258770945525404222e-02 -2.684491953937224173e-01
-4.987951697404914841e-01 5.403321842433821132e-02 3.455925398951287808e-01 2.460074512707594724e-02
# ядро сверток:
-4.075251506328760043e-02 -6.047418813461292730e-01 1.395682958768438564e-01 2.009349540449859306e-01
1.549881815489078107e-01 -3.374825598444759489e-01 -3.167853624846099225e-01 4.271509462188841089e-01
3.569874945604781802e-01 4.483386072881585110e-02 2.871724911101729005e-01 1.740022783632905745e-01
4.650197755423813445e-02 7.930756461142624003e-02 1.945894158167559007e-01 4.812090896837194903e-02
# ядро сверток:
-1.395380236116779971e-01 5.365678936487611878e-03 1.353526338587152655e-01 5.789665930073381039e-01
3.703696216725866353e-01 2.016058903164720251e-01 -3.517512975378577211e-01 5.583119026409250063e-01
-3.200735247966259855e-01 -1.045568731670760976e-01 -2.593015243217285104e-02 3.412533694169795490e-02
2.226149155842727378e-01 -3.093364055280826141e-01 1.588231776631808534e-01 3.374073944540558756e-01
# ядро сверток:
-1.159910615284406865e-01 7.613708158265665438e-02 -3.377931277139282762e-01 -5.429800788126250277e-03
5.982243886537777500e-02 1.109026100881965460e-01 -1.309868845180053032e-01 -1.984760459551433986e-01
8.764042112781038341e-02 -2.438154598173442045e-01 -2.220802888936511954e-01 -2.408877551829739089e-02
-5.257590716977004197e-01 -6.600802732535944461e-02 -1.695593705601496637e-01 5.138797904162297758e-01
# ядро сверток:
2.168520170752407383e-01 -4.114906823543073022e-01 2.146404333649144236e-01 3.181797297406748215e-01
-5.015881725002717673e-01 7.024182269115438748e-01 -9.491287387785576901e-02 6.153909202134338896e-01
6.956532422667405929e-03 1.549033184960196541e-01 -6.332033575851647549e-03 -2.414126674520890858e-01
1.434383720901857839e-01 4.394314071691819423e-01 2.244596613972408838e-01 -1.808730691538922297e-01
# ядро сверток:
-9.172720385848248670e-02 1.227831373483339178e-01 -2.333823019839425805e-01 1.230783488438078888e-01
1.845925632833182173e-01 2.713453044110264445e-01 1.117901614393088799e-01 2.111446478628178636e-01
3.423448799654088548e-01 -2.215446245850784257e-01 -3.605033510713035599e-02 -1.828677203937112417e-01
-6.514164103744146672e-02 7.214727908480331187e-02 1.082936688567415068e-01 -3.477756897956625903e-01
# ядро сверток:
3.903677522707161840e-01 -3.281975679262519319e-01 4.211857217566976619e-01 -1.602567766949110906e-01
8.010605868334111368e-02 3.186098622514743073e-01 5.766655259272607248e-02 1.130456387741557156e-01
1.673102891577767370e-01 2.385601112207373642e-01 -3.598334339960316264e-01 3.873303019611269993e-01
-5.517489322350459524e-01 -1.365343745481011062e-01 1.658623374123001093e-01 -6.405370586624113960e-01
# ядро сверток:
3.521574447750468462e-01 -3.690631959660773398e-01 -4.771925816016445721e-01 2.081993602846771152e-01
-4.857423448113661890e-01 7.756881407447503429e-01 1.611247893598905800e-01 2.063100415887432482e-02
-4.753713655353956902e-02 -6.569499192392602716e-02 -4.681259981283077826e-02 5.378459685016853120e-01
5.348680069236656509e-01 5.462085856430818342e-01 -2.271063853237069996e-01 1.495059649698913251e-01
# ядро сверток:
-9.659165874117449369e-02 2.498525226800727972e-01 -1.167952441191599383e-01 -4.333805309110020931e-01
2.437205963371982115e-02 1.697875369368344878e-01 -2.848357130539883597e-01 -1.444380102493190432e-01
2.811243366712527503e-01 4.020888822491684722e-02 -1.394739104522577378e-01 1.241626914936167225e-01
1.902808997486882536e-01 -4.662862055786139992e-01 2.713328003550057321e-01 -2.722882311910891917e-01
# ядро сверток:
4.998245772113058677e-02 -7.491382935537309329e-02 2.713249175793118750e-01 2.318328504279091595e-01
4.430213336642421229e-01 1.558514460004572499e-01 9.692936293045271989e-02 -1.546102144256191468e-01
6.697728496237737028e-02 -3.405236606837198643e-01 4.326736914253326294e-02 8.597350466025112381e-02
-3.660567746095516051e-01 -1.103825878999247084e-01 6.578812596607069851e-01 3.965213860436356264e-01
# ядро сверток:
-5.420235054946820341e-02 -3.805434067212468130e-01 -5.397512072953527529e-01 1.662133471271308727e-01
-6.365648041941181223e-02 1.037821707056383463e-01 4.718463155412247478e-02 4.985040428120961209e-02
-3.771417683872209103e-01 8.936412852390292205e-02 2.543401822385425448e-01 -1.439386276159322076e-01
4.822327703246300640e-02 2.684837745114266871e-01 -2.169415865934515020e-01 9.144799245834957235e-02
# ядро сверток:
-2.938254082306377413e-01 2.227540459648185145e-01 3.370147059824428748e-01 -1.508461073934257157e-01
-1.919268636268890438e-01 -3.790921198608162013e-01 3.701146206200422450e-01 1.914059571156449258e-01
-4.650873855015340980e-02 -7.510722780204055760e-02 -3.388808074953702197e-03 -4.974769582902952569e-01
1.100884346250216167e-01 3.826860797289523101e-03 7.503796324199178691e-02 1.681543222787714453e-01
# ядро сверток:
4.880925921773570514e-02 2.027818598874729650e-01 1.196176597529835170e-02 -2.238751961540508262e-01
-2.604330295788679916e-01 -2.076298839394140339e-01 4.461670327975126860e-01 -1.842371287820649198e-02
4.321379811630463030e-01 3.708356258304449371e-01 3.081677651475420165e-01 1.230988535140185441e-01
-2.299641549287111952e-01 1.518359357755529049e-01 2.285043237374711766e-01 -3.314089016628801732e-01
# ядро сверток:
1.038316889215105399e-01 -4.471429883883330098e-02 4.194878998473294818e-01 1.594568341924650079e-01
1.725794729234308988e-02 -7.025322309922032993e-02 1.767725674773328037e-02 2.347815986090621421e-01
-9.943838377135515161e-02 2.836256695245518711e-01 6.041337066476955009e-01 8.495287225760182054e-03
-2.041265417059165421e-01 -5.816835637496813316e-01 -5.625589259828269600e-02 -1.740269840335362944e-02
# ядро сверток:
8.584652720199457965e-02 8.640714771335419875e-02 -1.558789640986238401e-01 -4.260783070223707059e-01
2.051210654881407969e-01 4.724297962111687621e-01 4.961786785077803019e-01 -7.501272008561819804e-02
-1.473479469435153011e-01 -3.582930679936375401e-02 1.215729289188283296e-01 1.335205903460866539e-01
4.149291060572469353e-02 -5.654448051464373570e-01 2.448693530021122944e-01 -3.400506831564367727e-01
# ядро сверток:
-7.160877594992608175e-02 -5.172499600355946747e-02 1.190498496781818155e-01 3.862994041707771831e-01
7.751837094659173033e-01 3.439342484411293116e-02 -5.138233441812511265e-02 -4.149271231119252556e-01
2.721113726373269315e-01 -2.594123051232342658e-01 2.056042597613621792e-01 4.294872309827450774e-02
1.950644630758246734e-01 3.654979406944103282e-01 -5.647140515121678028e-01 -3.602190851327170124e-02
# ядро сверток:
-1.487908396163524216e-01 6.768296646072863298e-02 -1.813962842876073178e-01 8.725445647031239427e-02
-1.719579719173297550e-02 -2.478348123044529783e-01 9.923639628028770032e-02 -1.161245826238171096e-02
-2.146258469536159452e-01 -2.274212746932527396e-01 -8.956832218387031364e-02 2.109922993006073666e-01
2.693408713020528991e-02 1.950550438080782545e-01 -3.263752804292877618e-01 1.340510057113435960e-01
# ядро сверток:
-1.219642887198549575e-01 -9.926260122217150927e-02 -2.839349038448849005e-01 9.802499911169802044e-03
-3.391360334884198635e-01 -1.813845405368463004e-01 2.307185217470646976e-01 1.316911395335551016e-01
-4.788438256299021312e-01 -1.976525624599463279e-02 -1.980221717021887484e-01 2.959347597440651900e-01
-1.543415575901188053e-01 -2.028864240031624244e-01 -7.389332029212669628e-02 -7.494794609456466306e-02
# ядро сверток:
1.048057180967779806e-01 3.596497786643871319e-01 2.267603454703915611e-01 -1.008914325144227297e-01
4.705804029752502782e-01 -1.358306114860748370e-01 4.368529586267543841e-01 -4.913309966928355171e-02
1.578483006228325602e-01 -1.588542813829704747e-01 2.029189957141919742e-01 1.498715063517766684e-02
1.587692964236902538e-01 -1.129014131906382334e-01 3.782122618523501290e-01 -1.152656464981862694e-01
# ядро сверток:
2.338831007378473770e-02 4.617582994226156895e-02 -1.506154047655184902e-01 2.348221033555429049e-01
4.284246387437303655e-02 1.236078855610755894e-01 4.374577040410960738e-01 2.532862837073064990e-02
-8.756082598576625520e-02 -1.111675052934114546e-02 3.396838291961989942e-01 -4.819893360162759710e-01
1.029262893797070894e-01 -3.533887061446271405e-01 3.197315794275433221e-01 -4.729387656767591180e-02
# ядро сверток:
8.512681223464356461e-02 8.658063017512089565e-02 -9.147646783733955067e-02 7.969601817991182890e-02
1.318447845061195001e-01 1.566671139247904354e-01 -3.324535327496666026e-01 4.583633272243593099e-02
6.867059703223685196e-02 3.680430648284151868e-02 7.677979803793729199e-03 6.111597038180666130e-01
-6.424092954899308927e-02 -9.436542667700388576e-02 3.843857152493893037e-01 -4.065247543458815060e-02
# ядро сверток:
-1.497340720242324175e-01 -6.301168487424201915e-03 -2.141273410286971823e-01 -1.343084357230798533e-02
-4.283022525460515317e-01 2.552142190387228782e-01 -4.157694372358320400e-01 -2.799861117479366945e-01
-3.543491770224554416e-01 1.450279418501419504e-01 -8.141834335827566327e-02 -5.435201402875320525e-02
1.246543977263354502e-01 -1.150922295203441748e-01 1.102519286140807436e-01 1.117201321890568810e-01
# ядро сверток:
1.077586918012357758e-01 1.026794898662442973e-01 1.611542649020575035e-01 4.758407189899014345e-01
2.375834042566860316e-01 -6.029337137359520871e-02 -6.856539709718657838e-02 -1.131703778135304331e-02
2.822117255018871118e-01 1.815636483222409642e-02 -1.077904434222514973e-01 1.475699404486660871e-01
-1.777568476804985143e-01 -6.354774612284763702e-02 -1.344810837526972946e-01 -1.348046895733366335e-01
# ядро сверток:
-2.159405536550417781e-01 6.035467881276238705e-02 1.196458338479497591e-01 1.357961919539954765e-01
3.427735057143193459e-02 -4.592918175006103776e-01 2.568196244109760551e-01 -1.752542547717913790e-01
1.382918716538442394e-01 -4.746237617841982392e-01 -3.506806733780500757e-02 -1.495543751868645133e-01
-3.928483671231751684e-01 -4.112540805196348570e-01 -1.124747334388858516e-01 -1.619964221918459776e-02
# ядро сверток:
7.582185245269640328e-01 9.159117969022212424e-02 8.350073065065247158e-02 1.726156650884146659e-01
2.080588254648228219e-01 -1.636519591055553557e-01 -1.252637961181143067e-01 -7.062710386154799798e-03
1.852187287441381114e-01 1.268499683933414501e-01 5.296570494058571582e-02 2.008760338765057663e-01
-1.746357921065705698e-01 8.552040732662921640e-02 3.326664627884473036e-01 1.633116350870056355e-01
# ядро сверток:
-2.856635357405352682e-01 -3.453044872652698549e-01 3.209689662279257560e-01 2.164987816765011897e-01
1.047664632934328099e-01 3.530219418620919591e-02 -2.251847211342470345e-01 -1.206717088541168353e-01
-2.648915421044822915e-01 -4.479479053705257702e-02 -5.246064249015349734e-01 9.232269913906120118e-02
-1.860748497181908268e-01 3.392860098982989486e-02 -1.090711017162116492e-01 5.145160150447233294e-01
# ядро сверток:
3.036432619954167467e-01 5.465055585147334666e-02 -2.629913221664568201e-01 -1.524406007781276551e-01
-3.777876613269611633e-02 -1.530317915291107833e-01 2.107259067434638818e-03 2.450207987974361568e-01
9.527280759857972847e-02 -9.821636639428055204e-02 -1.630514238864773924e-01 -3.665861126504196266e-01
-7.174075669152056578e-02 -2.579415306109245631e-01 6.854434591790263889e-03 1.512985831170093609e-01
# ядро сверток:
1.810243113721575481e-01 -1.026177827491610156e-01 -3.139191546284770817e-01 -5.255558177599397446e-02
-1.562221095379211222e-02 1.019054678566388428e-01 1.425871906325027194e-01 -4.341226656148512442e-01
-3.257966375197922648e-01 -2.635001406805330404e-02 3.761525250844567347e-01 3.099827032129174320e-01
-4.066572176871603717e-02 5.084587657410670480e-02 -3.451860054863520877e-01 -1.991291481825765985e-02
# ядро сверток:
-4.445450266244355131e-01 -4.111528111745002545e-02 -3.440818235800432445e-01 -2.175741753997827710e-01
5.808325534142502189e-01 -3.216208915511262201e-01 4.391255716604400283e-01 3.228103261597513041e-01
-1.964170651115271227e-01 3.381569827099001890e-01 7.775584876196695028e-02 2.989077205051541841e-01
3.927336214568360462e-01 -1.405240463088853753e-01 1.112021810230294366e-01 -2.386492073890680160e-02
# ядро сверток:
-3.895124713637370117e-01 2.981615955917797933e-01 -4.838469008662999449e-01 3.885990055549019551e-01
2.992282544060426153e-01 1.128528074791300961e-01 -3.566218818270187607e-01 3.089655645916778992e-01
7.605303946219107991e-02 3.453151122449893973e-01 -3.090623450459582533e-01 5.118112047111165186e-01
1.394434492533827008e-01 -8.365785423304621105e-02 3.528053065959037560e-01 -5.361539135247862103e-02
# ядро сверток:
-4.374836748399960618e-01 1.768921785012468259e-02 -2.104563945906259836e-01 9.068225539262633750e-02
5.207941227314512311e-02 -1.643107767383530093e-01 -4.704159901704198510e-01 -1.518848804542508313e-01
2.931685065380906230e-01 -3.070403513697262943e-01 -4.215344652966260958e-02 4.431821407256938405e-01
2.733108914547792423e-02 -1.278654268148216866e-01 5.906064709453242439e-02 -2.520975469684282877e-01
# ядро сверток:
1.136194465812774695e-01 -1.576274061663404114e-01 -2.156353062932409304e-01 -5.231379429593723263e-01
4.398571450000701710e-01 3.714962494186774267e-02 -3.085871587926303228e-01 -1.605196271371784333e-01
-2.118507039547923021e-01 -1.810876583932080064e-01 1.768326530685475628e-01 3.394146371529095374e-01
-1.527878875496065658e-01 3.329775032513674349e-01 -5.310074277798921827e-01 3.558882153608907140e-01
# ядро сверток:
-4.411174505972340065e-01 1.753039754324750565e-01 1.142790663437611709e-01 -3.412152968633413996e-01
3.279361473175904096e-01 4.843627550093325684e-01 1.762614202911971240e-01 -2.653923527744139754e-01
1.444414659645064103e-01 -4.159621562996206057e-02 -8.008428002901049614e-02 -1.857535512219593288e-01
6.534708860869292701e-02 2.560473922489759357e-01 7.720659639286664433e-02 -3.860732017261101628e-02
# ядро сверток:
-6.912052148572715993e-01 1.003827739492504367e-01 -6.130562073792021893e-01 -3.169091835611131946e-01
4.390095632999828079e-01 3.156140561237528175e-01 5.228077319803434847e-02 -2.771702188122147636e-01
2.435517995552841652e-01 -2.131806119010279388e-01 1.576370944947498576e-01 -1.900404578831684510e-01
2.426028910658685755e-01 4.442498033133589902e-02 -2.017547890399578325e-01 -2.201568099502360792e-02
# ядро сверток:
-2.230080487655305144e-01 1.433590071288944057e-01 1.267220187214758709e-01 -5.748375969285586529e-02
4.412785708442031885e-01 5.498935883178151379e-02 1.305989351043254088e-01 2.176229721863709096e-02
1.218180480768875085e-01 -1.673826895706882201e-01 4.495201757748953919e-02 -1.318009083514448121e-01
7.073732719314004824e-02 -8.510692691791826858e-02 5.170434772317242939e-02 2.222372998737418281e-01
# ядро сверток:
-8.782323547269511865e-02 5.416760076737230090e-02 1.964843018847255984e-01 -2.900333020810816342e-01
4.459691043074247574e-01 -1.557979797694134250e-01 4.553359998412545573e-01 9.075242604252230227e-02
-2.519537967785671212e-02 3.026340131899949576e-02 -6.823570280379293029e-02 1.325714482768103053e-01
2.034566404906629211e-01 -2.916493992256137813e-01 1.656018612196252238e-01 -7.174078358657752508e-02
# ядро сверток:
2.531833810500184190e-01 1.371916269900713969e-01 -5.852222380993670620e-02 -7.753775590227442172e-02
1.949421920967924771e-01 6.550733424854873754e-02 3.639668879750286301e-01 1.733710299531716348e-01
4.101154749501045860e-02 2.392567828226769000e-01 2.358465124655729217e-01 4.258353153959595350e-01
8.521529688152967852e-02 8.908834074713888052e-02 2.204746146115179606e-01 3.815085444450901780e-02
# ядро сверток:
-1.562730223820356368e-01 -6.049998554194836453e-01 3.785679350220708117e-01 -1.121450360146181158e-01
-4.668684661122636526e-02 -1.939332915079179098e-01 7.038999027146622400e-02 4.554342178394256146e-01
3.536425947884426768e-01 8.695445780809739345e-02 4.662576677947881110e-01 1.759277895791554469e-01
2.725904563039684980e-01 -6.781402540900838272e-02 1.387697774320806321e-01 2.913407382372499299e-01
