# »сходный размер 3-го сверточного сло€: (384, 3, 3)
# ядро сверток:
6.486049027043528925e-01 -2.143588086540689219e-01 -3.333025650258428785e-01
-5.040473866087729071e-01 1.752275791928297188e-01 3.270939432295537630e-01
5.239044841794070484e-01 2.854845587115746319e-01 -6.114360112080342580e-01
# ядро сверток:
2.747103074192335237e-01 -3.730824842013392706e-01 2.793316251662367189e-02
-3.638590949044541722e-01 -9.171674442800554355e-03 -6.820956635750927144e-02
8.818375422838782285e-01 -6.782358041203178506e-03 1.556430373438237591e-01
# ядро сверток:
1.300578255904460967e-01 4.943974964208281558e-02 4.996971071037071832e-01
-4.794204471700969639e-01 -9.470297706431238249e-02 -2.061512692287549853e-01
8.388658632476020394e-02 -1.441237608492669173e-02 -8.987748641355307322e-02
# ядро сверток:
-4.605510124901072283e-02 -1.209225832486397201e-01 -1.203250949291494870e-02
-2.809543106000638168e-01 3.420191553046409982e-01 4.784838946596686737e-01
-4.835875792564869186e-02 1.073943459233465403e-01 -4.767094905704433727e-01
# ядро сверток:
-6.805190092202015317e-02 -3.034338050213301607e-01 -2.323228518957613509e-01
-1.642630402296353376e-01 -7.257060168081805318e-02 4.257519063835400047e-02
-2.935763465427549401e-01 -1.009113621985513742e-01 -8.972704484367312328e-02
# ядро сверток:
1.448108801626800668e-01 5.444253247122821104e-01 -4.770542464691511220e-01
2.835229659072811548e-01 -7.874585600332008328e-02 1.198068960461613069e-01
-2.221393281286545285e-01 1.700657449370759911e-02 2.648978464006069844e-01
# ядро сверток:
-1.351444135700117233e-01 -9.435071019712512608e-03 1.232054328773649066e-01
3.168585631062656449e-01 2.333348577218111175e-01 3.756459971800646391e-01
-3.603121294605056146e-01 -2.989193255337618815e-01 3.066240460433067652e-02
# ядро сверток:
1.972331132699874645e-01 2.537584143048786378e-02 4.184385292037995918e-01
5.338903519778809281e-02 -8.754144390521100272e-01 -1.068657942289806539e-01
5.581492132638986581e-01 7.647781377921061829e-02 -3.910624389312061799e-02
# ядро сверток:
-1.529199294811467956e-02 3.254804930697949988e-02 -2.577378018688019079e-01
3.082115072306702563e-01 4.306673295315220362e-01 -4.678538295272906961e-02
5.842708205785981379e-01 5.447668392390043746e-01 -9.151351965889406581e-02
# ядро сверток:
2.064089443328855078e-02 3.124258504323420560e-01 1.426950561112947866e-02
-2.991185045850631719e-01 3.905686553497170199e-01 3.293826127466300546e-01
-1.961641123658337815e-01 4.962750224442307595e-02 -4.415384659743333273e-01
# ядро сверток:
3.246507911317423334e-01 5.069483584209429072e-02 2.292051974278289106e-01
3.226458258613965624e-01 4.326050678619622336e-01 -2.692650507782459179e-01
-2.222390513509189258e-01 1.468991960927464868e-01 4.364810962109119119e-01
# ядро сверток:
-2.267522779038642911e-01 -1.729619017260913272e-01 1.876347098917074963e-01
-3.861657414973972968e-01 -2.188155048010709258e-01 -6.305153700221403090e-01
5.694503667710032468e-01 -1.540180978131245812e-02 -6.320015639205099900e-01
# ядро сверток:
-8.305833631956961727e-02 2.654862072682405705e-01 1.609311665774438016e-01
-6.351732184624979682e-01 -4.423439769945346905e-02 1.510122375781607629e-01
-2.278443528674699847e-01 1.520998670264956942e-01 4.502507762984551964e-02
# ядро сверток:
2.724764547677832605e-01 -5.295055796410438331e-01 -1.497034466475578862e-01
-1.891031063184236416e-01 6.372313780582511411e-02 -2.315883582830820520e-01
-2.412594296160619212e-01 -2.852234091796360671e-01 4.843906811941017243e-01
# ядро сверток:
-9.337140925347431342e-02 -2.731308833277927839e-01 -7.578092418085214943e-01
-3.663389626133404797e-01 -4.861154401649905865e-01 -3.325709234518509083e-01
-8.701550767920069873e-01 -3.333178093252865404e-01 6.717255031202264970e-01
# ядро сверток:
2.896066495107591510e-01 -5.242757745876712450e-02 -3.251041355318761705e-01
-1.025793959053266785e-01 -1.052402006511682087e-01 6.453988162565404973e-02
-7.684564132818865190e-01 -1.105312266772068980e-01 6.247968785310782994e-03
# ядро сверток:
-3.462368041502315169e-02 7.810758521629891649e-02 5.616699734364607455e-01
2.522790838403990987e-01 4.253816898837347593e-01 -2.670545659434223409e-02
1.103365577594057623e-01 1.222494940926590473e-01 -2.462712416410114610e-02
# ядро сверток:
3.239500077415983781e-01 3.703991014967784046e-01 -7.134148470471353143e-01
4.599304049950370815e-02 -1.779529969929870281e-01 -3.497856924714440874e-01
-8.524151417012787446e-02 -2.328573358211389610e-01 -8.231716280612941250e-02
# ядро сверток:
2.817300256012289505e-01 3.003845866370116191e-01 1.315974648317791984e-01
2.013476802392259457e-01 -2.724405621740233485e-02 -2.832420872415326585e-01
-3.945317360551668373e-01 -1.947798075662333581e-02 -1.450916247351051735e-01
# ядро сверток:
2.689672045414963075e-01 2.844563911024077796e-01 4.183752468864942453e-01
-1.073951373251799540e-01 2.733687760415924317e-01 2.385593568352273042e-01
3.312189997083930249e-01 4.024236381582608213e-01 4.154270537838522515e-02
# ядро сверток:
4.940571586338240312e-02 -3.189056947646191631e-01 -1.912688127041551056e-01
2.207562482252060920e-01 -3.030085454847223914e-01 -2.375187997838203724e-01
-1.265842362306882074e-01 -3.008126834036342623e-01 4.258872023490182235e-01
# ядро сверток:
-4.421151541490564996e-01 3.015816151580725558e-03 4.900893392421548089e-01
7.571319577126840450e-01 -6.167894883864674660e-02 -2.841077905528140157e-02
5.472309037613803939e-01 5.451823142435637815e-01 6.525248382366953814e-01
# ядро сверток:
3.041356708759732630e-01 -6.058185522724973682e-01 -6.501749442804755086e-02
-1.555327822439880048e-01 1.487644224172443019e-01 -1.726288045053200881e-02
-9.142273151939912801e-02 -3.564079151539171764e-01 2.580699174033596055e-01
# ядро сверток:
1.704994507181933905e-01 3.166825232542566648e-01 1.039413997494532393e-01
-2.756371631127690902e-01 2.400758851422866991e-01 1.588304775941102309e-01
-4.531033338262109855e-01 -1.636151803402288996e-01 1.930385418659361085e-01
# ядро сверток:
-2.490053280685528836e-01 -4.663719479187415917e-01 -1.319430147273901732e-01
-1.339772677774228073e-02 -9.315301387475065364e-02 3.836020323609027893e-01
-1.263122181097614261e-01 -2.652657749168462198e-01 4.726196900912131293e-01
# ядро сверток:
1.441611294363518703e-01 8.632463035246558392e-02 -3.031725121331291239e-01
1.190194192226684405e-01 -1.444009438548845593e-02 -1.153857425659855218e-01
1.158413089420078784e-01 -2.985458958185777112e-01 5.328329328475267523e-02
# ядро сверток:
2.540387705002804530e-01 1.844461209516647660e-01 4.105261587087691288e-02
1.757206559761691211e-01 -6.124071587051964638e-01 9.104719805976603242e-01
3.214613144822391910e-01 -1.698493868843088950e-01 1.387788150822177047e-01
# ядро сверток:
-1.071473886370988143e-01 -4.095694526039522776e-01 -6.267722624056511205e-02
-7.125292172891326339e-03 2.502015437789106289e-01 1.655129483897967158e-01
-3.623328260727963490e-02 -3.016164564338277287e-01 5.891330836180203034e-01
# ядро сверток:
-7.380942789558264661e-01 -4.496772765121229698e-01 2.646521678779975018e-01
1.168597261983962549e-01 -1.170866725966064198e-01 4.828693206734284704e-01
-2.722794662644000274e-01 2.851581869723438523e-01 -2.261453101215766259e-01
# ядро сверток:
-2.312159207396626004e-01 -5.635628767438491393e-02 -9.137213069966622359e-02
-1.215826586493421735e-01 3.214072703079486337e-01 -1.980199398028996971e-01
-3.677665527519257682e-01 2.821543171702046160e-01 2.189347332237766841e-01
# ядро сверток:
-4.371467008624352335e-01 5.862963407208403588e-01 4.969246816043220716e-01
1.577020219080421393e-01 2.153721241565538513e-01 -1.372829361115233127e-01
3.986897193491784064e-02 -3.198872870498309373e-01 -4.061807322417747626e-03
# ядро сверток:
-6.703971826113749866e-02 -3.368449621746664180e-01 6.926779844857989810e-01
-3.336623451025775289e-01 -2.947050790134806975e-01 2.716107683036209086e-01
-4.906816688268065829e-01 -2.903748123863862385e-01 9.729784020130595457e-02
# ядро сверток:
-3.408903657594147263e-01 3.485069522693158839e-01 -7.568399886225052331e-01
-4.781223213476530100e-03 -5.519944799191286444e-01 -1.047528043267746123e-01
3.474566338239286623e-01 -4.025274030639204859e-01 -4.701674205558427078e-01
# ядро сверток:
3.624549995833444838e-01 1.930183018332586042e-02 2.488990916221430483e-01
3.270089925566126432e-01 6.677167518867065388e-01 2.190990476095279194e-01
-3.201449806342610005e-01 2.369091424371503052e-01 5.627470697371913522e-01
# ядро сверток:
1.871125977697862819e-01 -3.366913455908256414e-01 1.601795140195002298e-01
-1.377986701649216994e-02 6.670044652288228404e-01 -3.150200351813765148e-02
8.537161595366528077e-01 -8.874267859934293901e-01 3.389252794648906497e-01
# ядро сверток:
-1.385292616397396093e-01 8.627108659307916594e-02 -2.207540519013865554e-01
-3.305994204555812721e-01 -3.015533626596898498e-01 -3.454732435103331500e-01
1.165186481909704919e-01 -2.701966347025778759e-01 2.976555722787193603e-01
# ядро сверток:
3.196431156276358099e-01 -9.013848207033312021e-02 6.369106506489329023e-02
7.496528054389102469e-02 -3.492067608320963135e-02 -3.782443088581013968e-01
-1.155713725032126299e-01 -5.254050866673325854e-02 5.974571965609384167e-02
# ядро сверток:
-7.701606628556913192e-02 2.261074377518113576e-01 3.842396756979061245e-01
-1.101751649550296308e-01 3.180040641033982096e-01 -7.967483100942104879e-02
1.790001499871195778e-01 1.642701386538837072e-01 4.040662672385005316e-01
# ядро сверток:
-3.007025562550713627e-01 6.524745481416262260e-02 -1.104371723194955829e-02
-8.897780851371252242e-02 3.512027327773538654e-01 -4.659336516686258256e-01
-3.115947850067222191e-01 -8.726120672544496193e-02 -9.035517064343508153e-02
# ядро сверток:
7.763144335197456891e-02 -3.943674790278617337e-01 6.356251871613016746e-01
2.723627019660622706e-01 4.237290841970858812e-01 9.440567059528927329e-02
9.486019924816660454e-02 -1.784225113210580749e-01 1.230362413349730816e-01
# ядро сверток:
1.289315222842945807e-01 2.539251176970194757e-01 2.885994229712277592e-01
-9.243682965087450520e-02 1.997872260484926665e-01 -1.346797750561630480e-01
1.850216372678906429e-01 6.831786466956824011e-01 4.734091049814035390e-01
# ядро сверток:
-2.267211666734260112e-01 3.132326438951631986e-01 -5.137170679626238412e-01
2.211986842875926229e-01 -2.608648802169178382e-01 -4.136328840763096037e-01
8.382755036685587968e-02 3.116565965029056973e-02 4.708985503710773068e-01
# ядро сверток:
-5.571319399240228648e-02 1.104564689991028026e-01 -3.507129367479703830e-01
-3.388230791872001713e-01 -1.686437844630258587e-01 -1.897246881116619599e-02
1.136317890604648106e-01 -1.973174996237632428e-01 1.252859057530490705e-01
# ядро сверток:
3.367825605458180660e-01 -8.411370320431144770e-03 1.248410739284850843e-02
1.101483800348696841e-02 -2.192570616935215766e-01 -3.783317539542171426e-01
-5.722468574657899598e-01 2.080002115274015573e-01 -6.454031876071648910e-02
# ядро сверток:
-5.050618570766342019e-01 4.848152862371927219e-01 -9.404915024403838475e-02
-2.110700013931420538e-01 -3.823361686784195190e-01 -2.607472420218246989e-01
-1.221930719269923166e-01 3.881697804539044339e-01 -3.371825763693392930e-01
# ядро сверток:
3.212583672724180217e-01 -4.974675563006397683e-01 -5.766914086939380762e-02
-4.711763612991527045e-02 9.874514935061104448e-02 -1.459540292166389697e-01
3.399471136854398945e-01 2.096737257373269825e-01 2.665835104370515851e-01
# ядро сверток:
-9.240920029521738910e-02 -2.921743386738179585e-02 4.637376675582667307e-01
-3.046781361280986866e-01 -2.210998708427719950e-01 -3.851918312455701598e-01
1.267469241160092963e-01 -5.395543465023123764e-01 -3.785634860443222449e-02
# ядро сверток:
-6.836141208667492197e-01 -7.093388633699533319e-01 1.498344790735577081e-01
-1.346265335281476572e-01 -2.737835533928451720e-02 6.783758032807646332e-01
4.541567047826975956e-01 -1.753710716124805558e-01 -1.768938818522775708e-02
# ядро сверток:
3.216828654980504743e-01 -7.499215078979050431e-02 6.264642211016671070e-01
5.133530171322138458e-02 1.812188383747271592e-01 -9.634886792139552014e-02
-5.847882909387450701e-01 3.503614161529693127e-02 8.545820034984681624e-02
# ядро сверток:
8.316417731235675737e-02 -3.366155741625630471e-01 -6.567948373645519922e-02
-3.576426951284288336e-01 1.649613049549643329e-01 3.982776776668497942e-01
-1.802221356776466665e-01 -1.935511793251977752e-01 -3.948610900338970220e-01
# ядро сверток:
-7.182535112284241796e-01 3.650431228927465688e-02 7.535858582728847954e-02
3.641715611436570077e-01 -3.653014388904491372e-01 1.648319191923557636e-01
5.354802128498069302e-02 -4.909377165434696266e-01 2.271371563334360077e-01
# ядро сверток:
-4.904794463763038626e-01 1.666836558020283188e-01 -4.034043252666980051e-01
5.386609600745089627e-02 -2.805787784773866034e-01 -1.363958452241133545e-01
2.558401975769388215e-01 1.288286012496883681e-01 3.376444911519791425e-01
# ядро сверток:
-2.478038383300598668e-01 -4.844466977404509600e-01 -1.438827033847868975e-01
-4.074122633288850825e-01 2.224731400204603693e-01 6.861779687544745654e-01
-3.283160519549384593e-01 5.128188130443742665e-01 -4.458613630831631536e-01
# ядро сверток:
1.181231765174441395e-01 -2.024404398668585847e-01 3.781701760865742168e-01
1.910018780404344474e-01 1.062566897605255328e-01 -2.813641457210805941e-01
-3.509989988287334217e-01 4.926964357847816167e-01 2.593766928357288393e-01
# ядро сверток:
5.574822921364781803e-02 -1.142764357827394384e-01 5.269923631074254766e-01
-7.059597005135055670e-02 4.268865048194707412e-02 -5.509034444282775306e-02
3.866261082938127758e-01 -4.942822238137252466e-02 -3.969123266763567304e-01
# ядро сверток:
-5.867382960660945113e-01 5.162462478260880783e-01 -3.003710946334255949e-01
-3.679667488896736782e-01 9.106477838876803066e-02 1.031791197363933904e-01
4.177953605909754398e-01 -3.077436350475888371e-01 3.105188835336548658e-01
# ядро сверток:
-6.589126633194936078e-01 7.525655747715719046e-02 -6.573810423539874215e-01
6.676934124336035836e-01 2.518384428123290539e-02 -8.133914712726897367e-01
-2.040883394215643465e-01 -1.847939881603430368e-01 2.678122785680965845e-01
# ядро сверток:
-2.967345517777972841e-01 -5.700983366505101291e-01 -8.875097257046137000e-02
-2.622561301937438236e-02 2.062064238058435722e-02 -3.662374178696042315e-01
-4.926598066976735080e-01 6.191024862624362746e-02 -2.835357797992011375e-01
# ядро сверток:
-2.923139019755057744e-01 1.521933207458954496e-01 -1.869582192977743140e-01
-5.237882733165371008e-01 -4.983963848354048404e-02 1.164175447573595062e-01
2.942076684917475093e-01 2.468683891841734479e-01 1.507970927501844915e-01
# ядро сверток:
2.547755643175115062e-02 1.878693721207999878e-01 -1.494561081408278258e-01
5.170381749677069871e-01 -4.487127390960815032e-01 3.925534066417411538e-01
-4.051457044753244141e-02 -2.717148612845732975e-02 -6.812328230903930137e-01
# ядро сверток:
2.432401571891638636e-01 -4.009033577291543637e-01 8.893457536598562418e-01
-5.087359641976839653e-01 2.827133080492711878e-02 -6.035569059078161880e-01
1.098726884207215787e-01 -2.704804372184753114e-01 3.434645767580450926e-01
# ядро сверток:
-1.942596015056368974e-01 -1.120524303827966639e-01 -1.844450859956805466e-01
-1.482757742308630777e-01 -6.953046872311496873e-01 1.666483218925975396e-01
-5.187951503552552524e-01 2.674755690408463504e-01 2.277202379819982525e-01
# ядро сверток:
-1.314511185342936983e-01 -1.838370937992449272e-01 -3.966886308663160610e-01
-5.996466781070235869e-02 -1.158228878679477686e-01 -6.814562996300054243e-01
2.183236464015624045e-01 -1.071200173071674422e-01 -4.273926410729420033e-01
# ядро сверток:
-7.741668637557023169e-01 -4.914168537520759161e-02 -3.739755704310579465e-01
1.699013144919872265e-01 1.042640267299071721e-01 -1.188070792968556749e-01
-7.451886832902536728e-01 -3.654896001464440908e-02 7.281153604066523122e-02
# ядро сверток:
6.495226740507418217e-01 2.410375886748965801e-01 -1.905770590594522418e-01
2.738733990792250883e-01 -2.952797965128904356e-01 -3.271471140021435797e-01
-1.453821543598713406e-01 -2.400809759865393800e-01 -5.195528701184840559e-01
# ядро сверток:
-2.031999463608553103e-01 8.586113189089907005e-02 -4.069396030607391190e-01
-5.899200741648265023e-01 -9.387535525030847594e-02 5.484469876220987583e-01
-5.477790207222792418e-01 -7.115178687283332248e-01 -2.333162527122674412e-01
# ядро сверток:
-3.632732333794645441e-01 -4.508064418153556047e-02 3.395757548023667916e-01
-3.147805992237543565e-02 4.739890213368502109e-02 -1.817041495183774336e-01
-4.049019093928029056e-01 2.826654659306738759e-01 -5.334672942282726593e-01
# ядро сверток:
2.092572566805394121e-02 6.361203258366598332e-06 4.547436408484273329e-01
-2.985703560363441866e-01 4.699373840739848318e-01 1.099119227837900697e-01
4.580971824044526852e-01 1.853537570349591268e-01 3.192963541625142287e-01
# ядро сверток:
8.483796789602952026e-01 -3.174168237319441310e-01 -2.639639467603851486e-01
-2.252862578314382969e-01 -2.164775462813674223e-01 -4.537406181345978728e-01
-4.480513298506746400e-01 -1.659514024732968163e-01 -4.455770383356248004e-02
# ядро сверток:
2.760418385181511725e-01 -6.299688498085121990e-01 3.149915481482655488e-02
-4.469314873307377867e-01 6.628963865779639031e-01 2.941806005960568779e-02
2.771215389103852123e-01 2.160364632180330480e-01 -3.464379480563978819e-01
# ядро сверток:
-4.167401913061561380e-01 -3.663584712634757601e-01 -1.265865972302222531e-01
-3.688014469589647182e-01 -2.116222909765836172e-02 -1.121386675131054861e-01
-3.639238662211771724e-01 -2.110361443988397478e-01 3.784131126212490759e-02
# ядро сверток:
-1.165765330062931288e-01 -6.482981169128857468e-01 -6.200399519471545551e-01
-4.925401312821611755e-02 6.569569322336293871e-01 2.202557567521626625e-01
4.360446035496657879e-01 -4.519743640629508841e-01 -4.707550087585014031e-01
# ядро сверток:
-2.525618259347222061e-01 -1.003658362668524567e-01 -3.502862837564403586e-02
-5.693482412220312455e-02 1.786285089859475372e-01 -4.381959870011021829e-01
1.350595547379881967e-01 -2.177346602834731581e-01 -2.442183016248617444e-01
# ядро сверток:
1.633922488559149122e-01 -2.116400917724941544e-01 1.336667502994574874e-01
-2.307478759675303526e-01 4.068081283942878157e-01 -5.368178130743355564e-02
-1.927655037872076371e-01 -9.142608317123761263e-02 2.213070341226649751e-01
# ядро сверток:
3.028015758656102396e-01 -2.537632992990036807e-02 -2.532781844308368835e-01
6.461493755755887136e-01 1.476631076910385754e-01 1.660766392520033052e-01
4.850013247972316255e-01 -3.158683691473633363e-03 -6.713862625368460790e-01
# ядро сверток:
-1.574658490141981892e-01 7.274908599202636883e-02 2.039466838527518311e-01
8.509119112764189363e-02 3.065015258747470495e-01 -2.328484043016967320e-01
3.128165879155946766e-02 -2.773224954420447919e-01 -5.224413128928405703e-01
# ядро сверток:
3.273727006637928705e-01 -5.173836105082127990e-01 1.476583251520103834e-01
2.490570047943455878e-01 -2.546224606532789814e-01 7.307620841919034715e-01
3.739124738213707166e-01 -4.572501713293554149e-01 -6.229492523891862893e-02
# ядро сверток:
-1.089781128095931445e-01 -2.194789786737686987e-01 -5.864757942242901922e-01
-5.461964525945832705e-01 -4.569651483955343707e-01 5.471281674856643962e-01
-4.199955133595208445e-01 -9.301487396104360372e-02 -1.558380142509264155e-01
# ядро сверток:
2.976278705326417251e-01 -4.493383051989459642e-01 9.256371448091198217e-02
-2.568157871174175585e-02 2.321426730489397072e-01 5.501945229255943842e-02
-4.794021051924635124e-01 -1.183753834335306634e-02 3.214712734906276931e-02
# ядро сверток:
1.539724106626252365e-01 -1.796848767300674443e-01 2.222652764523072033e-01
-2.143488602619581240e-01 -7.927469005394230384e-02 -3.470057209969256151e-01
1.006385919378939842e-01 4.171765584247440484e-01 -2.644312161824878271e-01
# ядро сверток:
-7.875861862074348685e-02 8.871125523356838960e-02 -1.480299277271453218e-01
1.723643969679546084e-01 -1.296221442009308777e-01 -1.302006451260120379e-01
-3.285626210665826274e-01 3.645682986981705342e-01 -1.164354069768990529e-01
# ядро сверток:
1.255650776972421223e-01 -1.966076387426312078e-01 -3.672239355393542293e-01
4.529278784591405649e-01 -3.911571543029937481e-01 1.693454331375090771e-01
7.210141782777446107e-02 -4.296587761672229777e-01 -2.741804545369201998e-02
# ядро сверток:
-3.237815524272753820e-02 2.046181236916494797e-02 -5.600365393977460027e-01
3.551332855304337732e-01 -2.375691468683380214e-01 2.744757953735198486e-01
-2.448542698477983171e-01 -1.920178752711366454e-01 -1.387039966391272194e-01
# ядро сверток:
-1.571005144184363100e-01 2.563316408391690948e-01 5.233688300117872449e-01
-5.421470132015010490e-01 1.332520801939276467e-01 1.481664549408973630e-01
6.019396738131004010e-02 2.180332369325276021e-01 -2.061337326599221587e-01
# ядро сверток:
-3.755442118513649952e-01 3.670401807201322253e-01 1.063145729936767203e-01
-2.005860694508843078e-01 2.059602470343502648e-02 1.732026693936260242e-01
-4.687338171909013473e-01 -5.223253668583031223e-02 9.609157234293728977e-02
# ядро сверток:
-2.837707635613049284e-01 -5.330046038254891982e-01 -2.591090865689414380e-01
8.793432279471821017e-03 1.142975334409229160e-01 -5.897621718709009642e-01
6.082426547691027752e-01 3.270471049170586841e-01 3.487239398532279155e-01
# ядро сверток:
7.693689490610485793e-01 2.248987188916605484e-02 1.062948253828732183e-02
-1.015469665614358308e-01 -1.556887509494618571e-01 -3.020059779700482588e-02
-1.070095885327772556e-01 2.955898625392838208e-01 -1.427939070892407791e-01
# ядро сверток:
1.065565420536788710e-01 -1.665661318465009311e-01 -3.406708079216144713e-01
2.835523089357600557e-01 5.224011997980437805e-01 -2.799181420330546510e-01
-1.661420794636560005e-01 -4.846039118317219119e-01 2.686667557198014200e-01
# ядро сверток:
-3.273131282976056156e-01 -3.194811718955747337e-01 7.113936388701312848e-03
4.417080420976009572e-03 3.878039283130253478e-01 -8.011960155456253618e-01
-1.197676791064980345e-01 4.631204667280343079e-01 -5.113960297645595010e-02
# ядро сверток:
5.541499709579812694e-02 -1.605723042384741561e-01 -5.865758573582584567e-01
3.384872163762277508e-01 -4.116269858821189898e-01 -4.034565147760710846e-01
1.693919016358432783e-01 -8.946997466943944211e-02 -3.104740650502565286e-02
# ядро сверток:
-4.014640841260859738e-01 -3.433500679280308832e-02 -2.942429332680055465e-01
3.988447648310680660e-01 -5.381537516917396513e-03 -6.808008884698428520e-02
-9.216687574087356616e-02 -5.607064751717542039e-01 2.153666445473009783e-01
# ядро сверток:
-3.596922608819305145e-01 -6.392919606540752309e-01 -1.817184579899588648e-01
-3.303386910132616872e-01 3.299207340343600081e-01 2.037189849612716652e-01
2.654092327872900961e-02 2.087971023666267134e-02 -8.054226169333681407e-01
# ядро сверток:
-3.774305826719625556e-01 1.376299679398532427e-01 3.792470682952881478e-01
7.837152185776043167e-02 -1.805640572053344162e-01 -1.710275200140273510e-01
-4.367120676330606827e-02 7.233787580759130920e-02 -1.546469118789425001e-01
# ядро сверток:
-5.984125465252591522e-03 -1.583791415477614484e-01 -1.728720183010770683e-01
2.946947991335479022e-01 -3.292790287745746003e-01 1.394777572606770988e-01
3.442431699907359532e-01 -5.515695742213760216e-02 -4.565759332853165375e-01
# ядро сверток:
-3.373940962280160272e-01 -2.117169395979049962e-01 -4.171835058784341688e-01
-1.333182483948973929e-01 2.255375839315789110e-01 -2.656325616914277377e-01
7.652963751305570661e-02 -7.796032419083992471e-01 6.546137005659300456e-01
# ядро сверток:
3.973207770781889692e-01 7.630830447806467853e-02 -4.597888000325568714e-02
1.827597146617089274e-01 2.708495354917138109e-01 -1.014621100633441159e-01
-4.048222851703670577e-01 -4.138434042866837581e-01 -7.993692837422743114e-02
# ядро сверток:
5.717209482584204028e-02 3.559684596544383517e-01 -8.763532602489081391e-01
-3.901663773806675617e-01 2.492511629506041493e-01 2.185628540379251084e-01
3.917212407312128386e-01 7.190541248057219503e-02 1.027579274627153094e-01
# ядро сверток:
-1.338729467775625348e-01 7.820351294025320588e-01 -1.138682751903920265e-01
-3.780124100666856085e-02 -2.734553981584876281e-01 2.067908872567956746e-01
-1.381963029466551918e-01 5.932565714705120286e-01 2.177439014960894648e-01
# ядро сверток:
-2.612740442017714160e-01 -5.345532607923619839e-01 3.098048806283856815e-01
-5.975086365968255153e-01 2.358325595112823470e-01 -3.394562615124072785e-02
1.050570394532650553e+00 1.697154873951370047e-01 1.287792433088063848e-01
# ядро сверток:
5.064057500317391963e-02 4.130044231795608756e-01 1.698539717627632617e-01
-1.729581977103502310e-01 1.310124362657140995e-01 -1.620748595894468957e-01
-1.885829565963943466e-01 3.354184156281949658e-01 4.350336192744178043e-01
# ядро сверток:
-2.696363444387382957e-01 5.056287950534820164e-01 -2.850193897813608213e-01
6.835435418096365012e-01 -1.127580183506311090e-01 -1.729750437249439055e-01
-1.538429761291660799e-02 2.157322705872437851e-01 1.574993110732878510e-01
# ядро сверток:
4.526227074811328688e-02 -5.504619840548043985e-01 4.704437576169590018e-01
7.816079357794233906e-02 3.507725779575985858e-01 2.436204352005593987e-01
-3.511355917223116796e-01 2.520599555044708007e-01 -6.807787240864308920e-02
# ядро сверток:
-9.778020537860878658e-01 6.836569340443657272e-02 2.151823511563152602e-01
-7.601686385727261797e-02 1.247356915073705511e-02 -2.222876322049317233e-01
1.527365339706610037e-01 9.419798050203136153e-02 -3.475391052229687139e-01
# ядро сверток:
1.108776872228147414e-01 1.784644618456286136e-01 -2.898484801490637877e-02
-2.669630766746775574e-01 1.350074111698590373e-01 -3.747103362258209780e-02
1.001156558502586946e-01 -4.672789914202617467e-01 2.254207432637962416e-01
# ядро сверток:
-1.027217196259261195e-01 5.521483701638115749e-01 4.268328488855021585e-01
-3.515691527912984116e-01 -7.794154956980101079e-02 2.098592314193501729e-01
-2.297929748414862805e-01 -3.865826939987153099e-01 -2.108283230902641137e-01
# ядро сверток:
5.839383452604725300e-02 -4.822693214355938673e-01 1.937592156372532626e-01
-1.414792323872217372e-01 3.936091217904573725e-01 -1.677052428883533397e-01
-6.081539179732868838e-01 6.761030234604960276e-02 3.967054264844588340e-01
# ядро сверток:
-3.706345235602904187e-01 -3.429040143849997890e-01 -2.844973798603976367e-01
5.983004539369962682e-01 -1.220946418930009547e-01 7.906994784066485871e-02
-1.069561437412497457e-01 -1.339882563062104182e-01 -2.811208817449910025e-01
# ядро сверток:
6.390951074118507436e-02 -1.304202998673940038e-02 5.680018818463077046e-02
-3.481621149315515806e-01 -1.507730243872012488e-01 5.581744478020536082e-01
1.728673977893402103e-01 -6.023159706564481519e-01 -5.475479255316101357e-02
# ядро сверток:
8.480958993003689939e-01 3.506184603435394398e-01 1.152128066341596702e+00
3.845351608584408887e-02 -1.236994597985357769e-01 -2.437924275792362205e-01
-8.481250593401555571e-02 3.326806384828375207e-01 -1.242451827106800383e-01
# ядро сверток:
-1.376458422626552769e-01 2.678587902722444070e-01 3.531979055088872443e-01
2.569870297846582052e-01 3.719232497347907951e-01 4.914712527494516925e-01
-9.448540006605295194e-02 -4.475157690776346286e-01 4.604107490325727858e-01
# ядро сверток:
-2.217264614632113995e-01 2.470852184493274040e-01 2.372473394839080263e-01
9.371046974196588913e-03 -1.229825604518999249e-01 7.137361466042811686e-02
-3.506743083022536012e-01 9.374956144660255564e-02 -3.807969147852184877e-01
# ядро сверток:
3.962321402319533559e-01 3.464201039214747646e-01 1.285133144288101714e-01
7.394824980208094534e-01 -3.753333145570971752e-01 3.788549748987736221e-01
3.135843863409980281e-02 -5.107572693212806270e-01 5.094888672423468143e-03
# ядро сверток:
4.517833130812744062e-03 1.214562039895157181e-01 -2.862351631580751787e-01
1.876729575973015152e-01 4.631447023241351268e-01 -8.733214807807763991e-02
-4.500399633105560127e-01 -1.404594063661125380e-01 2.165944045658023398e-01
# ядро сверток:
1.063749159384392157e-01 2.681072733016121729e-02 -3.189881705252775035e-01
2.304679900069682430e-01 -7.320167059798851628e-02 3.281226354921242816e-01
-7.065883233655978479e-01 2.148918739816462475e-01 -2.457082935333814999e-01
# ядро сверток:
5.133857386250188087e-02 5.418549392468526849e-01 2.055998587529244970e-01
3.057335563024702330e-01 -4.565897411736826728e-01 -3.176361458946850291e-01
1.530649909998318958e-01 3.850391753309984760e-02 7.478842050556845644e-02
# ядро сверток:
-9.081179699860889021e-02 -4.047913756254210016e-01 1.583069616928837187e-01
9.135667124371847636e-02 -2.369731100690774528e-01 -4.317539081666892931e-01
-1.295533877775299492e-01 -9.413124026417336865e-02 5.057894265509718656e-02
# ядро сверток:
-3.201109858817428877e-02 3.182772090430568968e-02 -1.045788352532249221e-01
2.307012078434885760e-01 -4.800253930425545379e-01 1.192435768921410039e-01
1.326648819736925278e-01 2.077663296567076601e-01 1.216891439501843197e-01
# ядро сверток:
-1.087714674224441874e-01 3.501885300421883063e-01 8.137791426077724266e-02
-4.916365604961916297e-02 -2.996983169188487464e-02 1.188246640664666759e-01
-3.088367568778718764e-01 1.495179724184969028e-01 -6.995261167681034176e-02
# ядро сверток:
1.255104063243175395e-02 1.129628483869877381e-01 1.475247210505387929e-01
4.447117887808411420e-03 -4.488169916772261070e-02 -1.665388038620686240e-01
4.487483448301471389e-02 6.330948382509836714e-01 1.840988753166522551e-01
# ядро сверток:
3.592890878255421416e-01 -1.662391213764555509e-01 -2.876756567959148914e-01
-2.517409448890504664e-01 -2.254917738621642909e-01 1.378160542451819237e-01
-7.064388683911346778e-01 -7.904937220242496121e-01 3.921120226608014736e-01
# ядро сверток:
5.659192831051405026e-01 2.221243246015390804e-01 -4.708103842699009056e-01
3.343147980634919580e-02 1.681278930088785373e-01 -4.004855426802690910e-01
8.355193910024207027e-02 3.112337969672258065e-01 -2.575519198186131398e-01
# ядро сверток:
-3.069513853501687484e-01 -2.163111868148683836e-01 -6.343383019272034185e-01
-2.228837945711352464e-02 -3.059979445989839952e-01 -4.694505846632912593e-01
1.866637810356382710e-01 2.949754631549623696e-01 5.059476849531153730e-01
# ядро сверток:
-1.115286378734274969e-01 2.013242805455655038e-01 1.578799868326647982e-01
2.639846572235092226e-01 -4.008776418959728582e-01 3.128300988719703857e-01
-6.421962862431697117e-01 -2.831419754335925618e-02 1.360997232581216514e-02
# ядро сверток:
7.173447847288139112e-02 5.156198665477753629e-01 2.400843968185373545e-01
-1.492804822831482296e-02 -4.303858626486988803e-01 -7.506547419403547527e-02
-4.720960979472502705e-01 -6.376395790381967910e-01 2.678551206904773441e-01
# ядро сверток:
5.664830745275407226e-02 -4.044249382338143128e-01 -4.862431750701988742e-01
1.355273779669624035e-01 1.427549381947711415e-01 -2.176575622409619715e-02
-2.095849418583070334e-01 -9.854655140145619496e-01 -2.274968378774833433e-01
# ядро сверток:
-6.410093191318937123e-02 4.951609142405010711e-01 -2.825914783200469405e-01
-1.552799857536000250e-01 1.106060613087010980e-01 -9.074279462170786736e-01
2.107590290928361143e-01 1.065887386359839706e+00 1.899597052255350416e-01
# ядро сверток:
5.898868118729931609e-02 -1.003663685636883157e-01 9.130905441626786800e-02
1.067703365899719736e-03 2.867005689896502674e-02 -9.684361359174668837e-02
-6.127164069202297725e-01 2.323175379664674522e-01 3.257994848537130173e-01
# ядро сверток:
-1.002220810983898147e-01 -1.588160233351485484e-01 -1.964330600081366784e-01
-2.641249077736125897e-02 -5.051610885554241870e-02 -3.909306958018938793e-01
-2.352303094944603323e-01 9.901874400796982501e-02 -4.573428108305302997e-01
# ядро сверток:
-2.600052549215055575e-01 2.606346489413080211e-02 2.792917301300169575e-01
-3.437355056679270993e-01 5.055439816255791197e-01 1.306729853441838951e-01
-2.286016857642077238e-02 5.011950422808270078e-01 -3.015356867833570154e-01
# ядро сверток:
-1.486005143664967110e-01 3.487117727835596370e-01 2.167824445395435673e-01
-5.195911026988695239e-03 7.872385710175469065e-01 -2.825289374012199262e-01
-4.923867122580891098e-01 -9.254678476311596624e-02 -1.355369671966445873e-02
# ядро сверток:
3.341465685919383088e-01 -7.575426276500216161e-02 -3.354386014193874166e-01
4.926837545858424594e-01 8.983330824600103959e-02 -1.154296677493932971e-01
-3.786642920174605464e-01 4.109871763480789641e-01 -5.153169516491642455e-01
# ядро сверток:
2.675742977744556897e-02 -6.379559920100179582e-01 3.010895841713114862e-01
-2.046754081716448403e-01 6.680106936323016997e-01 -5.741604969320518448e-01
-1.500108420421736311e-01 -1.988829370684793152e-01 -6.620888065435445724e-02
# ядро сверток:
-6.657735547676817134e-02 8.357041546439702984e-02 1.339759374500209231e-02
-1.995695585713466724e-01 7.372222697835052740e-02 -5.067517584901263250e-01
-3.446713533116621542e-01 3.195850749682408454e-01 -7.991324707238371683e-02
# ядро сверток:
-6.167557394114188130e-01 -3.310683521207246072e-01 5.415106225306437829e-03
1.015825343438372802e-01 7.469506070623183058e-02 -8.225161372447119257e-02
2.027503587303267352e-01 3.097780145193190782e-01 -1.163405279227940486e-01
# ядро сверток:
-6.175757959345445913e-02 2.314761586531446924e-01 -8.243099483441487241e-01
-6.165775593944619049e-01 -3.440979028974928133e-01 2.304818403870896037e-01
-3.915723110910097060e-01 -5.046764580159095459e-01 6.424441220872110451e-04
# ядро сверток:
-9.033580918228092393e-01 -3.039662448315945120e-01 -8.504061752661756790e-01
-1.158664406066346464e+00 -2.984958133522609414e-01 -3.109436113223033593e-01
-1.034522460647277375e+00 -1.840160000972247134e-01 -7.988669490234600046e-01
# ядро сверток:
-8.063418737683988313e-01 1.723555438060318801e-01 -5.435366286054998941e-01
-4.981104596998734979e-01 -3.851444567218231113e-02 3.991821269445901960e-02
1.065204289369541535e-01 7.085042704263885271e-01 -7.436994985842435013e-02
# ядро сверток:
-5.199520981369646494e-02 2.141259293551664444e-01 5.865129078061216000e-02
6.821570879054055236e-01 2.058625905074026874e-01 -4.081576672066992983e-02
-8.251635532775036808e-01 -2.583934073501044648e-01 -3.027756461677314492e-01
# ядро сверток:
1.089130424861108198e-01 3.349687859976337445e-01 3.262439055813131650e-01
-6.952580545599701400e-01 -3.060168450730577638e-01 -1.317850785934190083e-01
-1.219780272361284390e-01 2.425682089885956016e-01 -4.802535725180052950e-02
# ядро сверток:
-1.077121488303837693e-01 -5.943927753565077937e-02 -5.619615559557828988e-01
-1.089288245095883095e-01 1.275367638767581357e-01 2.271775424435363566e-01
-3.519452417277600942e-01 -3.921686080302498323e-01 -3.400755792972208758e-01
# ядро сверток:
-2.632047564194312517e-01 -7.712395906006896951e-02 -4.882031425581764839e-01
-4.314275287674357862e-01 6.556895546007450726e-01 1.233858293213416640e-01
3.689839401165562749e-01 7.067455319076767495e-01 -1.215187230693111214e-01
# ядро сверток:
2.066298167165709077e-01 2.413639006822240751e-01 -3.501510537782059340e-01
9.258395964864060135e-01 -3.674422862228303166e-01 -4.615583423948175779e-01
-3.544953275291177763e-01 -6.186809394553568348e-02 8.527430104713017434e-01
# ядро сверток:
5.678363131789007645e-02 -2.833525597826537235e-01 7.059928796118862815e-01
4.892606585798834340e-01 3.384713795369383438e-01 1.809294781788359507e-01
1.082563742176326782e+00 -1.921912715256337070e-02 -6.344146754065012050e-01
# ядро сверток:
-6.249078803432304985e-02 6.623068315333812128e-01 6.291597395072479060e-01
-3.668526869026906279e-01 7.888387617514920347e-01 1.139118462993162356e-01
-3.050800183860282733e-01 -3.239955096369219467e-02 7.292741715957711257e-01
# ядро сверток:
-6.855414314853891522e-01 -4.835992285109822486e-01 7.248250895751298106e-01
-2.060964046436615515e-01 -3.234007403674867831e-01 1.781043764338410273e-01
-2.349827056004387960e-01 -1.509848145513615070e-01 -3.512714456083797510e-01
# ядро сверток:
5.015635939617409944e-01 -4.801675653253233977e-01 1.579862088105226173e-02
2.353153755090302834e-01 -9.532738845896993052e-02 -3.623853462998403718e-01
-1.809503891542481036e-01 5.368271101371498155e-02 -5.368758583457119982e-02
# ядро сверток:
2.750238924558082720e-01 -5.047249844546500830e-01 2.959680697437199748e-01
1.611056737202818667e-01 -2.597074330427467242e-02 8.029115352517584014e-01
1.414527845281402241e-01 4.382921701740457587e-01 2.023282446331936546e-02
# ядро сверток:
4.947722886522022967e-01 5.170842768727442751e-01 -2.443176981361540046e-01
-1.468789262740230750e-01 3.814921067070011773e-01 4.876805299585965647e-01
1.798088278984081856e-01 -1.119210688668218490e-01 3.193129963877787691e-01
# ядро сверток:
1.370713592181750928e-01 5.411426767861248627e-02 -1.196193690898405271e-01
-4.964078028233321338e-01 1.976507492498601748e-01 1.672309683531250646e-01
-4.217916979722230453e-01 -5.388403413676021159e-02 8.475630041224585520e-02
# ядро сверток:
-5.363073257420266499e-02 -1.028493636409408413e-01 2.984299459200147608e-01
3.594977096034007030e-02 -2.650178629088701943e-01 1.159287956096527322e-01
3.563719086807628500e-01 3.370242116409731259e-01 1.126733138509127818e-01
# ядро сверток:
-4.239470284633685138e-01 2.420445475798232160e-01 -3.318212759377848348e-02
-3.603586505816342989e-01 -3.773183872458532040e-01 1.856712748556226256e-01
-1.761600991462427823e-01 2.671013861895391583e-01 2.281087607447246368e-01
# ядро сверток:
-2.363256969399989693e-01 1.052054777616801690e-01 -4.762491543240127689e-01
-3.627450193971424874e-01 1.196801634193458558e-01 1.341240760906133311e-01
3.452174608030112585e-02 2.328249770168750177e-01 -6.215482255089272573e-02
# ядро сверток:
2.286830148834440857e-01 -9.732360219166025228e-02 7.030648020142574173e-02
-4.423783119635983363e-01 -3.673026880192352683e-01 -6.555424782999224043e-01
1.466877578486449341e-01 -6.923836790724401391e-01 3.692684901968152911e-01
# ядро сверток:
-2.342248893232834750e-01 -9.957651772524310496e-02 3.255530042132597224e-01
-3.817000767803453432e-01 -2.354460272079504923e-01 1.361618340260140059e-01
-3.401736299236644140e-02 -7.938998784985148993e-02 2.590035292685769971e-02
# ядро сверток:
-2.200802421177907031e-01 1.069273245693443258e-01 -3.053593656759931441e-01
1.822693131484657281e-01 3.002482537544594043e-01 -6.126387189861789428e-01
-4.164973285905775313e-01 3.367325342303383873e-01 -3.468160311106849303e-01
# ядро сверток:
-5.913124636360396202e-01 1.985712896427009599e-01 -6.730769086620441710e-01
-1.499287655219278537e-01 2.070297420541790945e-01 -2.670935969071613347e-01
-1.848021715050776059e-01 3.662365654507001023e-01 4.813506968840433053e-01
# ядро сверток:
-5.351178574800146137e-01 -1.893835267685259893e-01 1.856353108039517363e-01
-1.517538222784936552e-01 1.799062168414973240e-01 -2.244814591991282568e-02
1.988356290092071696e-02 2.427816515837759592e-01 4.225099964107710826e-01
# ядро сверток:
1.614707336107966684e-01 1.078021049633595858e-02 -4.745112701355378992e-01
4.241060129533254508e-01 2.348951645512665498e-01 2.050232588185436355e-01
3.109320185456875274e-01 2.673504857392082212e-01 -2.363851619240254776e-01
# ядро сверток:
-1.809793801843136152e-01 2.396801243228528777e-01 1.022826512185956160e-01
4.437489133313670536e-02 3.161117663943857070e-01 -2.062679628077919158e-01
-1.196588116173376709e-01 1.715763384207305842e-01 8.102543998591012209e-02
# ядро сверток:
-2.480180923171410590e-01 3.025681766509846771e-01 -2.318087493330765192e-01
-2.846497918071836178e-02 1.932440615563749964e-01 3.143493020010045269e-01
-2.343851879622795287e-01 4.497539061927749438e-01 -4.865155893026120726e-01
# ядро сверток:
-3.480546639349333948e-01 1.279361405440538058e-01 3.284411118095434956e-01
1.995969942247495799e-01 -3.289148884113170523e-01 -2.573263648613687352e-02
-5.385435649213607956e-01 -1.596197754991596773e-01 -6.630861138826000811e-01
# ядро сверток:
-7.396215003159711809e-02 5.835636783952696804e-01 1.233703022364724955e-01
-2.169324758150017185e-01 1.475725559984676083e-01 1.916136740409854489e-01
-9.053002547831100200e-02 3.443013711879398531e-01 1.121551734192089735e-02
# ядро сверток:
1.133297550111457414e-01 4.204337790348856851e-02 -1.207743812583283172e-01
6.407834037712989428e-01 -1.811039910110162077e-01 1.045537858562233691e+00
6.051290175944754740e-02 -1.523299898506153549e-01 3.383269232139416993e-01
# ядро сверток:
-1.453433429938512655e-01 7.646499178667071073e-02 6.186761907510918146e-01
-3.408467927386107238e-02 4.606706252623026243e-01 5.424150835640497714e-01
5.522271672031465739e-01 -1.567165564312867354e-01 1.268478434122074783e-01
# ядро сверток:
1.010202321627210909e+00 5.111092263670422575e-01 -1.434153939092672192e-02
8.620426117212956485e-02 1.247544603379680261e-01 -1.965697841469939144e-01
-2.661774007146238130e-01 3.522519732017386773e-01 -2.417215798459977083e-01
# ядро сверток:
1.622641092596820156e-01 5.727195468521911054e-02 3.544901546234683898e-01
2.248025494204042851e-01 3.191702284039117932e-01 -3.705424584509143249e-01
-2.074665450607798833e-01 3.324832449458712258e-01 -2.758704052761820069e-01
# ядро сверток:
5.380817312509558747e-02 8.801065879283216653e-02 8.262109178900180206e-02
-6.437412452789124939e-02 2.759730389946842277e-01 -5.273798860256305732e-01
-5.180400127156581207e-03 7.166112768202208272e-02 2.120597375028498710e-01
# ядро сверток:
-3.170035274709008255e-01 -2.656157347474240038e-01 3.706628089226289280e-01
-7.624344595092681365e-01 4.651054644506773528e-01 -2.192834998685578088e-02
-3.599733523632277499e-01 -5.569681509497581562e-01 3.522630284885400753e-01
# ядро сверток:
3.870490618134587307e-02 8.069597025461916484e-02 -5.396959562698380175e-01
1.937469249853388670e-02 -8.085880189093339609e-01 -1.492771594460136075e-01
-7.525615701372372346e-01 4.826662998398387194e-01 -3.677073384541267864e-01
# ядро сверток:
-4.781428590653662991e-01 -1.068849461918866678e-01 5.004000123913159292e-01
3.021720855409661954e-01 -2.175279586546715882e-01 -6.633640956417257151e-01
-3.998392896102729299e-01 -1.285570911737337063e-01 3.173117431587406390e-02
# ядро сверток:
-5.403689058858747452e-02 -7.303523641491452278e-02 -2.975798911223196397e-01
2.334001727480052857e-01 2.658814927101581516e-01 -3.586925932313970167e-01
-2.374531670518248705e-01 -2.836727449228873543e-01 1.934735321544690523e-01
# ядро сверток:
4.386548525444391999e-02 -1.265875630026141729e-01 2.174882059705587622e-01
-1.402512680483663232e-01 -2.732529878316383165e-01 -4.046230830365043496e-01
-1.958676470037571879e-02 2.311273575635010985e-02 1.865510398081663967e-01
# ядро сверток:
-7.638938967731090379e-01 2.406226347428336021e-01 -8.633592567567205389e-01
-2.420474019131158006e-01 4.240791023821127159e-01 -9.735669744318550117e-03
-1.892509257753652308e-01 1.053945336606025747e-02 1.414441823212179150e-01
# ядро сверток:
4.244784105695969395e-02 -1.101718266152020148e-01 4.101637270184430029e-01
-1.184172844125244532e-02 1.646378716520453811e-01 -3.784353175296659849e-02
-5.686653541146247104e-01 -1.526598648516148682e-01 7.146443455324039684e-01
# ядро сверток:
5.068909887590551389e-01 -4.148555124296439134e-01 -4.744073135440621813e-01
-2.727038868304071939e-01 6.636406350004880883e-01 3.033522047872274641e-01
-1.977524514586877780e-01 -3.730266242976231772e-01 6.394230654846247419e-02
# ядро сверток:
-4.714858529992320135e-01 8.502058643675806937e-02 -5.410611491272053486e-02
5.992304808046603481e-01 -7.481695679564844825e-01 1.039325602302324479e-02
-4.096950805641467741e-01 2.788179437518278903e-01 1.350283468328020708e-01
# ядро сверток:
-8.781938157619073593e-01 1.523211963574084282e-01 -1.756785120966459501e-01
4.179861895249037396e-01 -1.294967734902711110e-01 -6.278430228841684890e-01
6.368532633570898049e-01 -7.017787757257996084e-01 -8.353480947653220134e-01
# ядро сверток:
2.099644579044086801e-01 3.468841978302530243e-02 -1.646975845298591645e-01
3.900607282173081947e-01 -1.593467114877824831e-01 -2.032575737197549193e-01
1.236502046013004535e-01 -1.239952146423963369e-01 -1.201045797471384374e-01
# ядро сверток:
2.485559204118683307e-01 -1.161340273834557540e-01 2.634891522077507930e-02
3.646409570252077265e-02 -1.955910451408081896e-01 1.292180576042190887e-01
2.718588579263582841e-02 9.659848475582925864e-02 -6.687415615290172310e-02
# ядро сверток:
9.230116506529242870e-02 -3.628588639807752148e-01 5.220027990890572234e-01
2.356776083132557653e-01 -6.866437786105009100e-02 2.911244617698098280e-01
2.970281623789742392e-02 -2.012806045467314120e-01 2.075771156076212098e-01
# ядро сверток:
4.939559665493059581e-01 3.088795019358672178e-01 -9.160579746755810326e-01
1.360566857657693474e-01 9.677323816118833799e-03 -1.583825218782063809e-02
-2.885717116915641478e-01 -1.526585587358864349e-01 -4.755740229012955789e-01
# ядро сверток:
4.315061408226050776e-01 3.364417265148131886e-01 -3.555077151495119048e-01
2.870130736081555889e-01 4.753653046415151628e-01 -2.306676662717513371e-01
1.379771916030705925e-01 -3.057815985723968261e-02 -4.473358909512149817e-02
# ядро сверток:
-7.313792007550158347e-01 -5.025162854795920536e-02 -1.961440442870683587e-01
8.111997511098363589e-02 -3.066457686820532880e-01 -6.446772653248274976e-01
-3.440650747896874528e-01 -2.250382602820359679e-01 -3.358135503558207779e-01
# ядро сверток:
-6.193833131943186077e-01 -2.744524009217068627e-01 -7.519750177596832286e-01
7.693395972940308969e-02 -4.346137014499107942e-01 8.497318553024571508e-02
-5.794220926051701220e-02 5.312222877627379436e-01 4.129176282462307390e-02
# ядро сверток:
2.651554073282452739e-02 -8.247428413914668077e-01 -1.412375390094458560e-01
-2.528331769004336094e-01 -6.144640709958163471e-01 -1.329794754095002807e-01
2.418907259460409409e-01 -3.028219217921485074e-01 2.495249931977963076e-01
# ядро сверток:
-3.476489926034574962e-01 1.689206180284462747e-02 -9.521813953132948760e-02
1.976173488630382780e-01 5.843064025789397320e-01 -2.265505561869407547e-01
-4.595520637181492729e-01 9.359146346074326273e-02 -2.269856989806360859e-01
# ядро сверток:
-4.965694567968094719e-01 -5.766851236863960312e-02 -4.836821127746007143e-01
-1.292190335931378553e-01 1.340800048808024614e-01 -1.618024492736158115e-01
-1.604356827716407474e-01 -1.440634598062651706e-01 -1.600274228787718356e-01
# ядро сверток:
-4.867979808215396886e-01 5.686915478878771246e-01 1.651320308094951506e-01
-3.429964110496447893e-01 -3.635517730756399613e-01 -2.884397430323615286e-01
4.793224778334707059e-01 -5.467265370803494617e-01 2.455366532739645946e-01
# ядро сверток:
1.707933071853833806e-01 3.858606777866611243e-02 -4.483954756630981198e-01
-3.379565491044554393e-01 -4.722334327024906020e-02 4.297120381262970468e-01
-4.331496489226540070e-01 -1.895296318279225956e-01 -4.127139752186256838e-01
# ядро сверток:
1.055924704861284091e-01 3.352059512311478251e-01 5.214510407597336972e-01
-2.411278649784550088e-01 -1.224210156511404135e-01 2.584901559143258643e-02
-2.795959494570464041e-02 -7.769968873852296509e-01 -4.888701821050157048e-01
# ядро сверток:
-1.657523869453209064e-01 5.622265346861059221e-02 5.538514710031909871e-01
3.458798674183274358e-01 1.029644364808737639e-01 -1.381240395154681722e-01
4.686036408355757910e-02 2.383003320681877923e-01 -9.154179184077969322e-02
# ядро сверток:
-3.247522936014392569e-01 -2.241788285732393138e-01 -2.041236910023641049e-01
9.995054983149301298e-03 -1.268104859049862428e-02 -3.650094218504034739e-03
-2.460828650243629123e-01 -5.818825602001174158e-01 3.356348130114819028e-01
# ядро сверток:
-7.969616426059096259e-01 1.859968091613009300e-01 -6.376682654743363043e-01
1.578083851851262709e-01 4.943362103185044987e-01 -4.119544265266517069e-01
1.067486981507758392e-01 -4.242618719224720558e-01 6.363452699614513541e-02
# ядро сверток:
-3.202608158138409156e-01 3.126149228237177224e-01 2.023858332829432949e-01
-4.097586002021696427e-01 -5.878262377110089476e-01 -1.509456273214716260e-01
4.546839769240264006e-01 -7.617737663260824854e-02 3.375654943512924194e-02
# ядро сверток:
-3.065584767874103278e-01 2.490689066240604765e-01 2.511445153087798476e-01
-1.884708261059401535e-01 -7.640268088244207834e-02 8.066066415655269717e-01
-8.369775308899812805e-02 -6.349715150111918671e-01 -3.708040830533150256e-01
# ядро сверток:
-5.241874409372457994e-02 9.216082728314475836e-02 1.361624989833292443e-01
2.168053822358878557e-01 -6.389797119797612224e-01 1.545570439603994872e-01
1.144363107745110658e-01 -8.997733697915042406e-01 1.464063328233325689e-01
# ядро сверток:
-7.995714813084450201e-01 -8.657975052720485731e-01 -6.033656885088004018e-02
1.501588393381765862e-01 -1.837540049276673304e-01 -5.227284420215093652e-01
-5.826365352549178755e-01 1.966511679261168377e-01 -9.075520744391185612e-01
# ядро сверток:
2.235268005682258530e-01 1.360610532389850968e-01 3.181572719907099778e-01
-5.537687327021780792e-01 -2.513962674651881168e-01 1.672549139085820202e-01
4.894403131518458745e-03 -2.249541210588475171e-01 -5.630767158950460149e-02
# ядро сверток:
6.740743642218841591e-01 4.094351196518847963e-02 3.756208664941789732e-01
-2.984388351230590763e-01 -2.915920401572575371e-01 -1.122467132882706137e-01
-7.239689135448659774e-02 -3.868655505468538564e-02 1.479901531340712950e-01
# ядро сверток:
1.613224134857115799e-01 -4.388472027315757362e-01 -2.251231197906468362e-01
-5.042509142868606409e-01 -2.731769026054002292e-01 -2.852745765956186119e-01
2.486011560084437910e-01 -1.095261437855841319e-01 -7.138383984819830497e-01
# ядро сверток:
-1.173802498517701187e-01 -3.469048803891318089e-01 1.562306027684062792e-02
-1.280125150192328309e-01 4.272698621566659721e-02 6.321232653599682949e-02
5.478630464890507645e-02 -3.078794655974570471e-01 -7.162341184753991119e-02
# ядро сверток:
-1.762312850544680565e-01 -1.413364022621594884e-01 -4.490663336999238808e-01
2.356600229466972729e-01 1.666644564957358021e-01 -2.587650197963618781e-02
-3.960319040552608416e-01 7.301152647010542007e-02 -3.948482577714001462e-01
# ядро сверток:
-2.827203333431297372e-01 -1.253688826785137600e-01 1.188687381119347686e-01
1.781347437411884005e-01 -1.840143390290949893e-02 -4.374783095558451018e-01
-5.505247879559050928e-01 -6.254654708635887239e-02 -3.909925881486029375e-01
# ядро сверток:
5.688438374513157259e-01 2.980008117286112590e-01 -1.558410019179022055e-01
-1.950928208627107363e-01 1.857133913828036276e-01 3.308054522456737589e-01
-2.987676234974293576e-01 3.218048100747495921e-01 -4.871163255798715563e-01
# ядро сверток:
5.312406974869265941e-01 -3.594667372510245151e-01 4.076397414070896397e-01
4.954522654575144180e-02 2.959655713083170769e-01 -4.812535600275114067e-01
3.976492460082473035e-01 2.499146063053331313e-01 4.287550575762348326e-01
# ядро сверток:
2.422262829499051695e-01 -1.401273975427800786e-03 -4.773648141807496775e-02
2.041258512647012024e-01 5.145935941580391804e-01 1.053491529959255935e-01
-4.298803244667632195e-01 -3.237248082887160261e-01 -3.386893232119855823e-02
# ядро сверток:
-6.495323603990702521e-01 7.846293554901608847e-01 -4.836437838242664544e-02
-4.798141695211385338e-01 1.940898951335712774e-01 1.915529208186222618e-02
-1.882164875256362585e-02 -7.438803674611498273e-01 8.856477299913505241e-02
# ядро сверток:
2.721978502853673043e-01 6.019487664805593941e-01 -1.654557644765496383e-01
-3.591925328980127285e-01 -1.666590426302644590e-01 -1.280828643013303958e-01
-7.841284437668338825e-01 3.420555452880595371e-01 8.693210314743658740e-02
# ядро сверток:
2.699151737555470221e-01 2.051629022709490768e-01 -3.849267407010253383e-01
4.550209546822839290e-01 2.940639083993675795e-01 5.029977106839954581e-01
2.021831138499119440e-01 3.569480917311080442e-02 1.438660564721630508e-01
# ядро сверток:
-4.995736772009472526e-01 -6.325431339884389770e-01 1.487028020087850233e-01
-1.435980736984122930e-01 -4.149232135782285336e-01 -1.789184336833780087e-01
3.009746770176969788e-01 4.585747697824291841e-02 -3.760290569888292134e-01
# ядро сверток:
-3.452107987252506227e-01 -2.163888424500117202e-01 4.809477482306871998e-01
-3.944517467855956916e-02 -3.670824079029491593e-01 -2.844532546851442634e-01
3.507098574176601563e-02 7.535942615535050348e-02 1.497527278804474116e-01
# ядро сверток:
6.346242721711486956e-02 -1.541174511115275536e-01 -2.025860754992208357e-01
4.572241542179958929e-01 -3.418613546032541750e-01 -1.966046025892363436e-01
7.604927717744217053e-02 -1.113223272901066180e-01 -2.836354228684359602e-01
# ядро сверток:
1.053596301064540386e+00 3.650627720342187188e-01 2.672477468118889532e-01
-1.700494891604631964e-01 -1.912763812785843454e-01 3.978500070315375836e-02
-4.415839668737148727e-01 -1.381666254074197242e-01 1.157359746791031679e-01
# ядро сверток:
-3.849443622016079369e-01 -4.591461761603756742e-01 2.784779641988340826e-01
-1.658905989954399807e-01 -5.690891011302863234e-01 2.264163139198665242e-01
-1.839481894077270585e-01 3.894430237646381299e-01 3.759103861953145831e-01
# ядро сверток:
-2.041673902617137937e-01 -5.319165264963828486e-03 -1.292199326649179081e-01
-3.334051007443038922e-02 -1.147592208485052750e-01 1.554497047573037520e-02
9.802414989924607136e-02 -5.983871693096338984e-02 -1.465339127003553732e-01
# ядро сверток:
-3.063845298851382570e-01 -1.033838847780898379e-01 -6.696397424482192218e-01
3.880393713215146145e-01 4.236468689341842397e-01 -2.832952650344394696e-01
2.291267599232646446e-01 -3.203333054350835929e-01 -5.374261682824068437e-02
# ядро сверток:
7.105296169394152983e-01 4.163159834171926699e-01 -1.288979008758772415e-01
-3.498310690717631455e-01 -1.382251173214724682e-01 4.334255575498179858e-01
-7.336276509672241541e-01 -6.979369077112680397e-01 2.771979014992296837e-03
# ядро сверток:
-3.843322306386240950e-01 -1.638780947308248193e-01 2.610505405711758264e-01
-5.993129161731863830e-02 -2.051052088942906804e-01 -2.940199487146763491e-01
4.413903069787664668e-01 -2.955114864837430355e-01 -2.321885616760842319e-01
# ядро сверток:
6.604431575447146374e-02 -2.135342438105894136e-01 1.302729156287044943e-01
3.932090096990666916e-01 -4.157347993310345768e-01 -4.661595862481085484e-02
-1.292224949375194443e-01 -7.213705149273220985e-02 2.183888213619670504e-01
# ядро сверток:
2.064074347471855225e-02 -4.825137986356308750e-01 2.676686579957464618e-01
6.524985706859605383e-02 -1.591850097234826789e-01 3.276840842567871892e-01
4.016991023292976193e-01 -1.393009010526806979e-01 -1.882274337193892144e-01
# ядро сверток:
-1.256545453945415343e-02 -1.409179482147727425e-01 -1.620267788961501365e-01
-8.317917016653214590e-02 -6.320023684672292363e-01 7.994139313808124037e-02
-4.108098385689418902e-02 9.831860756203589236e-02 3.277492109146441512e-01
# ядро сверток:
1.916693164715361775e-01 6.302071919269323919e-02 -7.132176388082711593e-02
4.751555309889247125e-01 7.100733789756137615e-02 9.782834629294706597e-02
2.734057298318624540e-01 3.131513059100279328e-01 3.435182059034301849e-01
# ядро сверток:
-7.146555165088488426e-01 -3.987482979097256575e-01 1.333526607094514815e-01
2.644039186680216535e-01 -3.014144890736907834e-01 2.390735018387064037e-01
-4.331721385706016614e-01 5.683227027808263748e-02 -4.952653288527568143e-01
# ядро сверток:
-2.529971542602669210e-01 2.760735364855291252e-01 -3.505591214710170878e-01
1.403455600428845651e-01 2.988504423128660048e-01 -3.984038245588251703e-01
1.504962046097040734e-02 -3.283783804828521724e-01 -5.665350971791428825e-02
# ядро сверток:
-3.407914283919926679e-01 -5.982510846866070375e-01 -2.203424664849801540e-01
5.428787244796867695e-01 -2.329658568334237734e-01 -3.494104794309271095e-02
-2.959425466450034681e-01 1.902998432746821067e-01 2.269897180177793752e-02
# ядро сверток:
-1.229825620788298629e-01 -3.772814733820319955e-01 4.571612138990131524e-01
3.031493894298100678e-01 -3.342242539813042312e-01 -1.025549468611806764e-01
-2.659385806721000223e-01 -5.466205653404622167e-01 -2.236709946765553791e-01
# ядро сверток:
2.308138953368241153e-01 1.619985878732880247e-01 -7.854487471874796456e-02
5.656486338281366821e-01 -2.528960369519946960e-01 -1.522183311129577665e-01
3.194183607676335801e-01 -1.340900263115403224e-01 -8.788652557934939491e-01
# ядро сверток:
5.370529282217306744e-02 -2.018746694570554279e-01 -2.846612040324873472e-01
-3.824151530539736665e-01 9.933709207568600097e-02 -2.371621980536788299e-01
-1.702564509624139577e-01 -2.024017500346510789e-01 1.011428792209799060e-01
# ядро сверток:
1.850943915071233681e-01 1.519912411575118083e-01 -2.293142986715953346e-01
4.233050176046183610e-01 -1.803715494594181346e-01 9.671710065051349059e-02
-1.429128000454535363e-01 -3.078373574984434313e-01 3.880989878602592643e-03
# ядро сверток:
1.961645864696533459e-01 3.237011451820394625e-01 -2.605497511742653205e-01
-5.780351216615214199e-02 4.619171954350274611e-01 -5.841547281369063871e-01
-4.726480173914121563e-01 -1.510581691289040185e-01 -3.519327182518516145e-02
# ядро сверток:
1.410104050188847914e-02 6.696665300837521817e-02 3.871755837073268675e-02
2.569073521329318099e-01 1.056326672098825692e-01 -6.569930970085396948e-01
-3.825621973278325177e-02 4.754164176594048719e-02 -5.944632490714606421e-01
# ядро сверток:
9.580416319246895518e-02 3.597151404099515615e-01 -1.465384545156004081e-01
-2.553779392233625489e-01 1.313100081893763260e-01 2.164109312262825144e-02
-6.306531456521236034e-01 -2.140987283090267090e-01 -4.080039680365785126e-01
# ядро сверток:
-4.611398209625375971e-02 3.949511274546821937e-01 2.140675632781234849e-01
-3.248588247682900887e-01 -3.939810744654974051e-01 1.022749633234199124e-01
3.159220921555057071e-01 2.271448325942977964e-01 -3.613938521947624438e-01
# ядро сверток:
1.805200222184947245e-01 -5.916065266922092558e-01 -2.655353626042638027e-01
1.043785150634136093e-02 1.161935734599537349e-04 -4.114631306450193260e-01
-3.384783464793249541e-01 4.617710359308066503e-01 -2.333988919019563402e-01
# ядро сверток:
-5.000138852057743888e-01 5.811443638317740357e-01 1.070844422257508088e-02
4.599463942397937766e-01 -4.735466727120932751e-01 -1.501950226671745769e-01
2.638446180328145596e-01 1.844124388922427360e-01 9.225824091054669884e-02
# ядро сверток:
-2.574295700925882113e-01 -3.505753242889567134e-02 4.628270121841924351e-02
4.309611313352698092e-01 -7.107208089145392038e-02 -3.658335514908618302e-01
1.716054151252405513e-01 5.510930242519124916e-02 -2.698995224848358410e-01
# ядро сверток:
4.081326225377455708e-01 6.555836632288474242e-01 1.482532588528931439e-01
1.918519408686191752e-01 -2.053932843025385035e-01 1.028089108230465926e-01
-4.202870289215968058e-02 3.753828349004176834e-01 -5.303963474600381645e-01
# ядро сверток:
1.156137741264248314e-01 -1.924662194553134198e-01 -1.930502622422017034e-01
3.169351883802254966e-01 -1.323291754322430125e-01 4.478947197383905121e-01
3.897787737760120552e-01 3.638037007481402796e-01 7.006281358358995570e-02
# ядро сверток:
-1.884155023237776283e-01 9.001009589419881607e-01 -5.287913771644470184e-01
-4.156896008528732089e-01 -1.259095074820884008e-01 -2.617578795537200964e-01
-6.015463257256932206e-01 -2.698254793660510506e-02 -5.125762979718213527e-03
# ядро сверток:
3.964477957622949411e-01 -3.460994424864624608e-01 -2.712669304561973749e-01
-4.010405306600074438e-01 -2.253734875869657650e-01 2.115410908016946145e-01
-4.245469084107790225e-01 -1.218267469095792310e-01 3.739682962132516719e-01
# ядро сверток:
8.956603382981297157e-02 -3.621586674960362157e-02 2.918326430388469284e-01
3.674750155553095921e-01 -3.722031134699982369e-01 -2.981580895251634278e-01
3.091773496806496380e-01 1.439720830298879539e-01 3.862531696131227266e-01
# ядро сверток:
-2.951526624412659783e-01 -1.857805594768647539e-01 3.008782573065227339e-01
-3.724850001034520908e-01 3.152103521507605977e-01 1.126551367648578744e-01
-1.123839533970262122e-01 -3.199612608112795686e-01 1.914707183724394801e-01
# ядро сверток:
-2.145055983177821257e-01 5.771020588954927505e-02 1.477266512021915834e-01
-3.015600591835950264e-02 1.843635411863892848e-01 3.361799179067843646e-01
1.402305314143200421e-01 -4.555799099986331258e-01 -1.078435646282412119e-01
# ядро сверток:
-2.885829413360826295e-02 -1.090093117236693165e-01 -1.020011408318005075e-01
2.406362621142333624e-01 -2.422292475689032457e-02 -9.131574274991145768e-02
-9.258315069887092241e-02 7.810578681743682306e-02 3.660511249033272518e-01
# ядро сверток:
-1.727782724502987047e-02 -1.067062582870265675e-01 -5.029739012773922768e-01
1.063174501673825323e-01 2.137679320554654872e-01 6.127070825142911376e-02
-1.721531548406357026e-01 -2.050368061049662183e-01 5.753179786143461927e-01
# ядро сверток:
-5.092171666537508301e-01 -2.864481004790814939e-02 -5.408956463239167345e-02
-2.624603567304029661e-01 3.272681603084569013e-01 8.564898724891972792e-02
-3.455771536011238432e-01 3.512558950862900153e-01 -3.464113160396987134e-01
# ядро сверток:
1.313219453977826079e-01 1.671470362605823878e-01 1.824396733662995984e-01
2.061614659568973273e-01 -2.002841433843646213e-01 -3.251567078745445927e-02
7.224298263915291951e-01 2.064189653848264305e-01 -5.406357186406526294e-01
# ядро сверток:
-4.798641031356029041e-01 5.641516677408760921e-02 8.263902542468520851e-02
3.050806496055183392e-01 -3.282232316535564354e-01 4.630687211562945632e-02
-1.064168481007106704e-01 -2.821938840585868080e-01 5.714025552556296628e-01
# ядро сверток:
-7.608242111020001655e-03 -5.851734096768798077e-01 4.169867228079012778e-01
-1.287133480174070255e-01 -3.790438588720222990e-01 -1.547688000406879927e-01
-5.346620404166078089e-01 7.629700351207755471e-01 2.145863554331020051e-01
# ядро сверток:
-9.446700357703614881e-02 -2.980831322849482601e-01 2.927473054481859460e-01
2.609748223488554952e-01 -1.526318703084295625e-01 -2.018221601937225940e-01
-3.386157214910993224e-02 1.825675893197570843e-01 -5.327133265623060776e-01
# ядро сверток:
-1.782394508476332073e-01 -9.471293208501978256e-02 -3.069811832373706695e-01
2.354421970600375780e-01 4.296367925881172112e-01 -2.535224028502800486e-01
-4.190980005131907382e-01 6.431978470807460380e-02 -1.008117933661781679e-01
# ядро сверток:
2.927313743222801912e-01 2.383255474614540403e-01 -5.220459201968470353e-01
-5.345466923141736215e-01 -9.996440515357077894e-01 -7.295804840907244015e-02
-1.945086761605603620e-01 -4.593407610954606812e-01 2.819412331937861671e-01
# ядро сверток:
-5.190941348571282976e-01 2.855291769940200841e-01 1.539458809477472212e-01
-3.054437941563559536e-02 -4.886956299790278790e-01 -3.497721581766338739e-01
2.689727362384953802e-01 1.359425421326476424e-01 2.791599901420219187e-01
# ядро сверток:
-7.528132068338275751e-01 1.964900200692511548e-02 9.206307775024556717e-02
7.935781586692346873e-03 -1.080312077814090804e-01 -1.575744379133107442e-01
1.215883740978755956e-01 -1.049782864458301546e-01 -1.710607580892077317e-01
# ядро сверток:
4.428024736313384419e-02 7.544649496721259063e-02 7.985564270168773460e-01
4.859926126085561959e-01 8.536685790260108153e-02 -1.351943650761205651e-01
3.073746133681455883e-01 -3.384599296501850652e-01 -1.806954888470055642e-01
# ядро сверток:
-3.736727237467808438e-01 6.517466962387120644e-01 3.068076787850435583e-01
2.419652033683986625e-01 3.749928439339128561e-01 -3.215139901249985249e-02
5.965975885357546749e-02 -6.303663970892559032e-02 -1.316658174025848449e-01
# ядро сверток:
2.115202469565880816e-01 3.607855256794202936e-01 -3.697015210234114169e-01
1.456035499697874713e-01 -1.942482662368210100e-01 -1.646968388658287819e-01
2.820272118624391200e-01 -2.596911548673881409e-01 -2.281750003742127886e-01
# ядро сверток:
1.806908182128704188e-01 4.507611195399653936e-01 -3.150999134411829328e-01
-1.649989411377995319e-01 1.279637740662339408e-02 -5.214371186125944801e-02
4.066528942364597832e-01 -6.653586053088207386e-01 -2.212065064618636695e-02
# ядро сверток:
2.794663368971749828e-01 5.671600316617275012e-02 -6.197806942667668517e-01
-2.006591800153806893e-01 -7.355676859283398761e-01 -5.379401912810950481e-01
1.190848616706308288e-01 1.061883436476893788e-01 1.639115352494341024e-02
# ядро сверток:
1.214515750467625999e-01 -3.041150714735076366e-01 -1.312378995213544786e-01
-1.528221630106041395e-01 -1.236025840010090138e-01 -1.233729823933112785e-01
-4.612488586797680035e-01 3.670720386803250634e-01 2.815367867544297728e-02
# ядро сверток:
5.516376651195744468e-02 -2.802483046614818174e-01 -1.477987893554221777e-01
3.863813219673162824e-01 -2.803614290192993908e-01 5.068966852853684646e-02
-5.050945627229716517e-02 1.249829561547024098e-01 -3.395356529936416345e-01
# ядро сверток:
-3.663059885275903871e-01 5.707470896792801174e-01 -5.727071461723538121e-02
4.699085824627282082e-01 8.297212179124981990e-01 -1.946305055810154949e-01
-1.975275660647944076e-01 -3.065743960173760163e-01 -2.395868092923694737e-02
# ядро сверток:
5.475516435463791964e-01 -5.206376687327603225e-02 -1.817558108007593931e-01
-2.173456096097473866e-01 -2.170524607040393572e-01 -5.801817841491232336e-02
1.204788452652747893e-01 2.626458012662836183e-01 -1.075904448576772837e-01
# ядро сверток:
6.668618813984887872e-01 -1.365719481264462964e-01 -3.212673498057009303e-01
6.523442699733948691e-02 1.756579673604692082e-01 4.078403566254044099e-01
5.001973094847769197e-01 -5.292263033983494180e-01 6.400533484047949973e-01
# ядро сверток:
-4.364567980826620369e-02 2.936064428438652785e-01 1.651173587599132769e-02
-2.941662497816758259e-01 8.442236186973221812e-02 6.804765470503468250e-02
-7.675459668298811877e-02 -1.523177187170931535e-01 3.043727645114896463e-01
# ядро сверток:
2.825651490859005244e-01 2.762417759671668138e-01 -3.751804878393437681e-01
-5.284265601431017423e-01 4.281724047323079430e-02 -1.391644957445394293e-01
4.097790387172373094e-01 1.070854409398177415e-02 -1.481942155510636572e-01
# ядро сверток:
3.308808938549567119e-02 -3.691996358211186435e-01 3.722787614084412389e-01
2.262069243666809115e-01 -2.982754258822645221e-01 1.558854919797095506e-01
7.397946712318673179e-02 -6.376896515267878041e-01 -5.450033084082308577e-01
# ядро сверток:
-9.689093915073478946e-01 3.286678512289242793e-01 -1.237358011156761001e-01
3.325504471859045963e-01 5.545466057875620969e-01 4.733620710733001391e-01
-4.347010227970956597e-01 -9.015062137755784633e-02 -6.228941001254134635e-01
# ядро сверток:
-9.435456276732658021e-02 3.424119802822214731e-01 -6.425332158726705656e-02
6.835063824545125621e-01 -4.407908742601961138e-03 -1.217875035713114444e-02
5.707497715271583338e-01 3.443267953113970936e-01 -4.954235359916992487e-01
# ядро сверток:
-3.890544919067682322e-02 2.306569102975720154e-01 -2.111016572545680314e-01
4.941859437568768554e-01 1.582574471502169733e-01 5.330940012724469934e-01
5.170042235674449094e-01 -5.569063992297493965e-02 2.982729451209699123e-01
# ядро сверток:
3.221577349280185798e-01 -9.083702331980969547e-02 -6.133400754180262648e-02
-2.421208171167733014e-01 4.809597386448385276e-02 2.524859492933804739e-01
2.106713006892988460e-01 8.813170572540467151e-02 7.732237926979220743e-01
# ядро сверток:
4.494587945028946652e-01 -4.776983377203056769e-01 1.645150836404686290e-01
1.775399022020367895e-02 -4.004067255666808323e-01 1.144571663876758350e-01
6.455786352564381152e-03 1.418380030687907134e-01 -1.394562887811063301e-01
# ядро сверток:
-4.942903217785302172e-02 3.334542395813512861e-01 3.828123847046209782e-01
-3.196498147107479371e-01 -5.775306520579727154e-01 -3.881102497509743010e-01
-4.897818106429753793e-01 -7.283850187146493349e-01 -5.532018528211875286e-02
# ядро сверток:
1.829765342124514416e-01 9.729651645886870648e-02 -1.286152696803394835e-01
7.711847402445295430e-01 4.922700516696034700e-01 -4.293407484752336245e-01
2.939157063215930982e-02 -2.163545716327597845e-01 -1.140166198708282286e-01
# ядро сверток:
-4.708138352624362533e-01 -1.468650576291439247e-01 -1.912649292780606580e-01
3.060855569804309118e-02 -9.274399563701619942e-02 -2.695913316811887964e-02
-2.412561207416972775e-01 -1.906523199375823874e-01 -1.222998367681505105e-01
# ядро сверток:
2.373015718689219233e-01 -1.159090595921139499e-01 -2.519777221686546609e-01
-1.338526256020851346e-01 8.636243977983297515e-02 -2.074814034747339275e-01
-1.023311690466528756e-01 -3.901486831437335490e-02 6.313506977840323275e-02
# ядро сверток:
2.478830960146940210e-01 8.383860001689806551e-02 -4.176046185056306315e-01
5.642876532774251386e-01 -2.470560749521429067e-02 3.033578521680929327e-02
-5.691860480370342090e-01 -3.976892142596840513e-02 -1.924896507794706668e-01
# ядро сверток:
-1.127278408095873929e-01 3.576796681998794525e-01 5.380278102214721553e-02
-3.712375759404655806e-01 -3.085418359665642596e-01 1.389606621901354755e-01
2.551665734167558042e-01 2.674528950925635085e-02 -5.523884005819419407e-01
# ядро сверток:
-1.782426451920378907e-01 -4.386508471693500999e-01 -4.265467563404234386e-01
-1.081657452461457780e-01 -7.080875846188708356e-02 6.791661670391413441e-01
-1.016561319357077164e-01 -4.063480070328604477e-01 -4.239756000120262214e-01
# ядро сверток:
8.848199410913044904e-02 3.142811873068727113e-01 3.708985050854738535e-02
-4.730623335291418985e-01 3.613230630028630430e-01 -1.494781212075376453e-01
-4.621965092444144108e-02 9.054687082651557972e-02 -4.850895246714104769e-01
# ядро сверток:
7.255107606909413365e-01 9.156821092153828723e-02 -1.991482505193998831e-01
-3.155158880944804178e-02 1.783315623295868013e-01 -1.382541547717864305e-01
2.435565039434631207e-01 -2.264099974757889308e-02 -5.249466024690938593e-01
# ядро сверток:
1.482450462658227719e-01 1.580441210003561987e-04 -3.385359159864810286e-01
-6.186019756728277086e-01 9.595077410120410322e-02 1.105142435003577228e+00
6.583251510694091424e-01 4.388558018409781658e-01 1.671718989309926295e-01
# ядро сверток:
-2.304781670256849657e-01 2.727052751181497370e-01 -1.191914278252242526e-01
-4.174265862539299210e-01 -1.175857896552886667e-01 3.731761254902052349e-01
-1.996553297347478662e-01 -3.584827698622845005e-01 -1.951943920942182387e-01
# ядро сверток:
-4.507206041283440268e-01 9.762077514050518379e-02 -2.192789743010344627e-01
2.749381016560263347e-01 8.177431239532936824e-02 1.566376653508396444e-01
-3.052933000293092669e-01 -1.826654159354610674e-01 -1.619531654633013240e-01
# ядро сверток:
-3.064299875032024945e-01 -6.152716390949344305e-01 -2.727358893573301191e-01
8.169098482750263013e-02 -5.863592962717877749e-02 1.047100389368900430e-01
-1.586775968048889929e-01 -3.700136081463449300e-01 1.853644781137311348e-01
# ядро сверток:
-2.220487240691370046e-01 -2.707302762701275789e-01 2.105839140684702404e-02
-1.556412106504936887e-01 -1.285392745344659041e-02 -1.015184810584398439e-01
-1.906170617930837974e-01 -7.320869791757256273e-02 -1.807406192124405842e-01
# ядро сверток:
-1.228472728891124577e-01 -1.437612725392258817e-01 -1.903612713502033371e-01
1.201213330766510712e-01 -3.276781919427655398e-01 -7.141925615241081493e-01
6.002642514927402501e-02 -7.839995170943798719e-01 4.651157755584155451e-01
# ядро сверток:
2.312500196440704092e-01 -1.640924534118521627e-01 -1.994819615561630455e-01
1.583872153689768469e-01 3.673726261167188367e-01 -1.470894700674871269e-01
-4.233587842176359528e-01 2.598548669334248551e-01 2.770607256856392753e-01
# ядро сверток:
-3.920516028931935182e-01 1.245178854975042271e-01 3.234878822480649063e-01
-6.077871683895490901e-02 -2.486733709982281992e-01 -6.612265402636567646e-02
3.088274801288140234e-02 -5.160555826766823895e-01 -2.381084735745309378e-01
# ядро сверток:
1.128695035993432239e-01 1.569607374583217863e-01 -4.799016513480787172e-01
5.237358560775065008e-01 2.397919694869159457e-01 -1.923666291029268449e-01
9.115526573768194946e-03 4.144796537357648969e-01 4.010219193279710576e-02
# ядро сверток:
5.043462776335745357e-01 1.732294123585156331e-01 -2.856085755095173484e-01
-2.978784848672496044e-01 -1.022953879563233831e-01 3.210093194884861001e-01
-3.276621452333560724e-01 -1.245858888657115499e-01 -4.369090069373318119e-01
# ядро сверток:
-5.545657839203339545e-01 -2.254292207929573244e-01 -1.675264495503099305e-01
2.759299824919161925e-01 3.797861463011060756e-01 -9.028014911738274639e-02
-1.108367042948948944e-01 4.259529258006636843e-01 2.535228394751579128e-01
# ядро сверток:
-6.101473728733369795e-01 3.043570332206787521e-01 4.582126156847888404e-02
-4.253061459272555189e-01 -4.944907068186783494e-01 2.123003867421572877e-01
-1.821355317174335603e-02 2.771843898762861857e-01 -2.860666805459416984e-01
# ядро сверток:
-1.503222021269320918e-02 -1.894824792334389996e-01 5.596431532659602859e-03
2.990178253771396122e-01 -9.321138480901538723e-03 5.817045447910491537e-03
1.044661814649081033e-02 -7.151915572134054377e-02 4.976594543107185631e-01
# ядро сверток:
3.445526394223435429e-01 -4.259297530933823239e-01 2.369247351765566834e-01
-2.554434984992645652e-01 1.885504372245817850e-01 -1.550968704634798911e-01
-4.271247960715624514e-01 -3.195128402765582964e-01 1.935913128767789149e-01
# ядро сверток:
1.560684227369361909e-01 -8.680126634423220855e-01 -1.702730364594427434e-02
-8.309313603054565567e-01 -3.246058708009853799e-02 -5.217099273824672423e-01
-5.915810254689377601e-01 4.703115246615865996e-01 -8.299254669901455495e-02
# ядро сверток:
-5.303291174016635523e-01 -8.351717803141400776e-01 1.440968693514919352e-01
-2.967883309562761862e-02 -2.930067088581693180e-01 5.130871458657237927e-01
-2.224651130006766175e-01 1.073039976894705760e-01 -3.587993844838961444e-01
# ядро сверток:
9.221072697648650118e-01 2.595973276576488131e-01 -5.888610411599466687e-02
-7.198551161948940624e-02 1.905384034140600591e-01 5.101788993291460628e-01
-6.508550998018667322e-01 -4.603968580200630267e-01 -2.908319381441630269e-01
# ядро сверток:
-8.245872841972408107e-01 2.933543232458046823e-01 7.317822455263385539e-02
-3.594436320627394377e-01 -4.448396223774585545e-01 1.189444647811913336e-01
-7.885384210853282894e-02 3.031961243515359991e-02 -8.206687733518565064e-01
# ядро сверток:
-1.522205756636116070e-01 -3.943184278967767353e-01 5.858609380547957768e-02
7.077413610975628044e-01 4.516794114068976018e-01 2.008938411383169587e-01
4.112844882874966412e-01 3.566210043632612736e-01 2.371204328433273445e-01
# ядро сверток:
-7.793391022803074220e-02 4.751949202916303655e-03 1.413594261589105061e-01
-3.087186080086775086e-01 -3.246996418333079198e-02 7.543187977430808600e-01
9.912161029755806388e-03 2.078455528760152216e-01 -4.817137711245686460e-02
# ядро сверток:
6.572346333079749636e-02 3.161550136536326883e-01 4.242663657198107729e-02
-5.951949746558452548e-01 1.405882537250178477e-01 -7.293054829649518560e-03
6.478236553318660051e-02 -1.280347665781921829e-01 -1.120092614627224981e-01
# ядро сверток:
-4.463160697611799621e-02 -3.440128092376606439e-01 9.482297418043138526e-01
-1.285918445852378689e-01 -2.167013768453269484e-01 -3.647344212917713602e-01
1.124308668832179336e-01 4.154149797780645192e-01 5.771335803840613732e-01
# ядро сверток:
2.744174735743278304e-01 1.391651044595685893e-01 -2.446237681478169723e-01
-4.622942027224412054e-01 1.592217120371396469e-02 -2.535007410711606068e-01
9.169325439697707802e-02 3.153496603388092345e-01 1.098283951216204452e-01
# ядро сверток:
1.291625574886934857e-01 -4.295468168714292601e-01 2.749565884790554637e-01
-1.611314587713214841e-01 -1.417031292406020493e-01 -1.443639271223834397e-01
6.336112458863530916e-01 -1.296999919186157257e-01 7.012039540811183802e-02
# ядро сверток:
-2.918459873120149428e-01 1.472485414099437562e-01 -5.123950224150717325e-01
1.148949024937127167e-01 -2.076695182456320399e-01 1.012894445202080079e-01
-4.100406038107415330e-01 2.895437701098146910e-01 -6.795848045674784954e-01
# ядро сверток:
-2.411436715027296118e-01 -7.850144666809972804e-01 -4.738999746037814709e-01
-8.549766295177965714e-02 2.583942302584480433e-01 -4.579465445788490907e-01
-5.929247972926555976e-02 7.122370459758022021e-02 -1.989921436985244915e-02
# ядро сверток:
9.042876402654001500e-02 7.141974428403765618e-01 1.647438565246176767e-01
-7.715799317486496389e-02 -9.781233280449902479e-01 -9.703351419843296854e-01
1.732664562276767795e-01 5.542493243959656368e-01 -4.826596068613179802e-01
# ядро сверток:
9.154169654348061069e-01 -2.806720108892259424e-01 -4.013072101012145620e-01
1.448679911937884313e-01 1.221906710806425767e-01 2.342402069660584896e-01
-1.556394503503549520e-01 -2.833168658079572855e-01 -2.357511448837770196e-01
# ядро сверток:
2.280455120027305993e-01 -4.330697984332741723e-02 -8.336132063746591603e-02
-1.950661811011627778e-01 1.610293772748291607e-01 7.020142745014230912e-02
-1.398380126251788647e-01 -7.123138720823402048e-01 -2.309812432225373524e-01
# ядро сверток:
3.224187333735851757e-01 -3.910449201944600217e-01 8.141366980544521847e-02
8.002924293155741498e-02 -2.696548965175839425e-03 1.754832604639909865e-01
-3.873850863319322491e-01 -1.578113444095376461e-01 -1.098136275122578581e-01
# ядро сверток:
1.517975775858436127e-01 8.000712859997411996e-01 -2.340550911549170443e-01
-1.189384956615836958e-01 -5.739175082202373490e-01 1.173386325871581676e-01
-3.672533952973476568e-02 7.640857306081376421e-02 -7.420180182240154743e-01
# ядро сверток:
4.674678397686296040e-03 -2.019852425104702309e-01 4.614822486761174791e-01
-6.775792974365848487e-01 -4.678614692769398342e-01 -1.588967639072554061e-01
7.637897152225592290e-01 -2.173076947128446679e-01 -1.078497669852426927e-01
# ядро сверток:
-2.535496175212557657e-01 -1.142459283693618086e-02 -2.952624835748274834e-01
-2.710477903633911057e-01 -6.167594916194447663e-01 -4.514302407793482907e-01
-1.010760199489652900e+00 -3.962369712994240900e-01 -6.795258969505377777e-01
# ядро сверток:
2.236823415194340858e-01 5.467914728375200539e-01 8.006975685922484987e-01
-1.062955388551589941e-01 2.556353188667902510e-01 4.647842305160780341e-01
-1.192897918712291366e-01 -4.596783400624785410e-01 2.042165897156286991e-01
# ядро сверток:
1.430293719386902529e-01 -2.313257684645595447e-01 -6.177305268007278194e-01
2.593330181525227429e-02 2.022614970128697731e-01 -8.761873321647714041e-01
4.102150358556312937e-01 -2.403674393133486964e-02 -1.842327404594707729e-01
# ядро сверток:
8.776856577404331672e-01 1.079692986443672037e-01 -3.414799910986336950e-01
3.444591166937260168e-02 -3.132051621178530976e-01 -4.082625690673930552e-01
-1.339089562708667136e-01 -7.813807326204846859e-02 -2.398969329495602987e-01
# ядро сверток:
-2.431356393484240819e-01 5.075356878394902960e-02 -3.914050400687778541e-01
4.406653000705813145e-02 -1.209649030314251424e-02 -2.645733186497397759e-04
9.150110706987828191e-02 2.859893009709255085e-01 1.851517741987489252e-02
# ядро сверток:
-6.800945611658978929e-02 -2.730541351648779758e-01 -4.154527319900671589e-01
-3.095767561477830720e-01 -1.738793805570009454e-01 -2.842959067972281040e-01
-4.478559899157610324e-01 3.414282144466471158e-01 -9.211127845470141740e-01
# ядро сверток:
1.214596228034585390e-01 6.713398387812932744e-02 5.466667460101414661e-02
-7.410728463809398425e-01 6.077860704963813226e-02 3.476339178233334160e-01
5.276089472484651877e-01 -6.970524780312746804e-01 -4.160624118734086441e-01
# ядро сверток:
-6.868117740250934133e-01 -3.993868737790503554e-01 2.471099531159459406e-01
-8.410957638704905093e-02 -6.191633438227509556e-01 -5.993487717820994432e-02
3.455403581313573613e-01 -2.896114683956811375e-01 -2.983818234660278595e-02
# ядро сверток:
8.582823232732140692e-03 2.663935883519209513e-01 3.669457270689297501e-01
7.140648517771081005e-02 -5.520418964745050783e-01 -1.799488147443746022e-01
1.135733307278854742e-01 1.583830099171721073e-01 2.119254954363688770e-01
# ядро сверток:
-1.732845098769321412e-01 2.691431369266425455e-01 -6.975790648733588561e-01
4.183303278327296648e-01 1.533439704417836613e-01 -3.384992977993331320e-01
1.106209654570447648e-01 -3.368556718363145408e-01 2.274519332720839615e-01
# ядро сверток:
1.174052869086511519e-01 -8.683928385243303572e-01 2.689259013352638950e-01
-3.106237710458141232e-01 -3.765796168427505974e-01 3.329579804579551050e-01
1.972437459809585625e-01 -7.697366592978902022e-02 -1.380780144583896862e-01
# ядро сверток:
-1.957945354759640377e-01 1.254981965384970900e-02 -5.279067057508772809e-01
-7.888272152487367517e-02 6.961700118617614175e-02 2.711121506570844941e-01
-1.171988979178184564e-01 1.643801382515504839e-01 -1.663130260630940604e-01
# ядро сверток:
-2.460785781358182378e-01 3.404669056680468264e-01 -2.175987286088442441e-01
2.469566530526200732e-01 -5.501436963522660095e-01 2.901813898533953107e-01
-5.122208978375266536e-02 3.475493766732510870e-01 2.289205637347341560e-01
# ядро сверток:
2.636477170405511217e-01 -5.116373105755447348e-01 5.120599938478293672e-02
-2.831026040304399638e-01 -4.047588150518707795e-01 -1.572710502585376868e-01
-5.508720484075502188e-02 -1.812738590409044004e-01 -1.625348471391609151e-01
# ядро сверток:
-3.415256030503263651e-01 -2.835363292084425169e-01 -8.906420555473805456e-02
-3.439456555067476606e-01 -2.367485404467128685e-01 -8.601456854837696842e-01
2.157903083990947157e-01 -3.915925832750887237e-01 -1.659665979043035700e-01
# ядро сверток:
5.990832436278621664e-02 1.700170223700810668e-01 6.617459278657895627e-01
1.110007139520796521e-01 5.135216229698499196e-02 2.330100885586237902e-01
7.166173785772086413e-01 -1.584280894437780363e-01 1.519895726557802251e-01
# ядро сверток:
-1.525068180004790844e-02 1.706003844804201419e-01 -2.991003386605303183e-01
1.048745008193603364e-03 -5.890246252806019545e-01 2.430960020181714143e-01
2.490923333351862667e-01 1.871209438876480224e-01 -1.452431658692314720e-01
# ядро сверток:
2.560450996598920281e-01 -6.383213882222920077e-01 -3.959263049611472796e-01
5.575242203297080534e-01 -8.481838708918636172e-02 2.907842162772693029e-01
-6.732910110921035418e-01 4.892884835509153096e-01 4.216455579100394924e-01
# ядро сверток:
-5.579656435726257913e-01 -3.434598626871900318e-01 -2.103758417202430397e-01
-2.508185983255968310e-01 -6.417430064363312259e-02 -4.171209683910845900e-01
-6.416014133959374588e-01 9.756673037456067843e-02 -4.035564926113253681e-01
# ядро сверток:
-2.680320972775798172e-01 3.750175316843148976e-01 -1.271589283170621032e-01
3.710484026478993447e-01 -4.392798927672577070e-01 1.708350870702838864e-01
-3.887304246791496998e-01 -7.797393048032055796e-02 -3.675624911376065840e-01
# ядро сверток:
2.679174415123419251e-01 7.746350728100442895e-01 5.056799707677666067e-01
-1.996813018113493821e-01 2.721621464776429189e-01 9.845503418220247216e-02
-3.717868161608612471e-02 3.245663984138663638e-01 -2.664034422614025566e-01
# ядро сверток:
3.091229048783997735e-01 -3.619862888241651699e-01 4.798192157046151096e-01
-2.573653249628874984e-01 -2.323833021586304004e-01 6.436114003229578273e-01
1.126947847780069983e-01 1.959548749305353166e-01 -5.032699767878072716e-01
# ядро сверток:
-3.590701974937201557e-01 1.392915856811755837e-01 -1.752031303887096880e-01
-1.380285757180257922e-01 2.968567604127696491e-01 -4.173263082665962798e-01
5.144811743099743095e-01 -1.906768263406438679e-02 -1.547257705499851810e-01
# ядро сверток:
-4.055302710641957020e-01 1.051087002571901713e-01 -4.784705973496058973e-01
-1.788980303260710170e-01 1.625586228924204013e-01 -2.921337695648060784e-01
-9.537121269050648220e-02 1.672316442481170673e-01 -1.553113861427957709e-01
# ядро сверток:
-5.457765858200023246e-01 -8.772112015453352729e-01 -2.717541850141101945e-01
2.037292224209868996e-01 -3.715681596760873617e-01 -4.605863710334955896e-01
1.817931157983454227e-01 -2.703535707511113828e-01 -3.344609967413382234e-01
# ядро сверток:
1.353732799544945242e-01 -2.934413927128505864e-02 3.282317180870762408e-01
9.231306753431697820e-02 3.583767963750623259e-02 -2.175715742900182215e-01
-5.486622110579922884e-01 -5.983797373038184791e-02 -6.242267914822047931e-02
# ядро сверток:
1.556363272670917286e-01 -2.441919109356111561e-01 1.799534665817128717e-02
9.195876036679422050e-02 -3.167255067550622805e-01 4.090143695369998222e-01
-1.696332710641619002e-01 -5.910454695338601683e-01 -9.070512928071635794e-04
# ядро сверток:
-3.005185417704139827e-01 2.158809397505155325e-01 2.256604544227676923e-01
5.194817327050843536e-01 3.543310950731094477e-01 1.033179469989724958e-01
-1.892885753804057491e-01 2.115044074593454837e-01 -3.684853121319331404e-01
# ядро сверток:
-2.622197794083925282e-01 4.207749966148054133e-02 4.395158521318426326e-01
-3.039323908560587206e-01 -5.719552048077261031e-01 -3.263565478348471327e-01
1.749596333367789136e-01 6.530816129367135459e-02 -3.764648301288019833e-02
# ядро сверток:
-7.224641329273945312e-02 -1.974978910210772320e-01 6.192214822664920959e-01
1.435543512106825514e-01 3.972370161858140153e-02 -5.823088423941751302e-01
-1.293173038094277416e-01 -1.786176755311772446e-01 -1.108429280950985925e-02
# ядро сверток:
3.945278312857343483e-02 -3.354004291689172829e-02 1.718332830681253975e-01
4.873319843731676038e-01 -3.044188776880186187e-01 -8.046226409655540812e-02
2.858719613671649729e-01 3.984657142050176404e-01 -1.696117531973078407e-01
# ядро сверток:
-5.345300228785964114e-01 1.812208814554353009e-01 -2.280374883090728610e-01
-1.833254785228952410e-01 7.374027498406365844e-02 2.411915755676022344e-01
1.859846640336543511e-01 1.377784400341192650e-01 -1.129812624727661099e-02
# ядро сверток:
1.863220880530473689e-01 -5.032022976314737273e-01 2.922161129257857537e-01
-3.014367517833114497e-03 -4.257243688255064606e-01 -5.744356272220521031e-01
7.264948064199446345e-03 8.516049478272216811e-02 3.862079637744171845e-01
# ядро сверток:
6.951581294938956150e-03 -2.683991405033289146e-01 -3.179090193126805075e-01
2.503971144262049919e-01 4.787325287412047548e-02 -2.279985063703662551e-01
-6.272965067905544867e-02 1.009061331933549521e-01 1.416905481747834927e-01
# ядро сверток:
-2.612023072439938476e-01 -2.351282117241282332e-01 2.620360835691467050e-01
-1.913404884570812647e-01 3.231487542887091502e-01 2.888369808345494366e-02
7.670933314775586764e-02 -1.867210924932434790e-01 -2.389327581007357482e-01
# ядро сверток:
-1.884232750586965072e-02 7.643420092093225482e-02 -3.748157711276591808e-01
1.121142582030480173e-01 -1.789427441627350068e-01 -4.729671579785109659e-01
3.178175741709125812e-02 -2.423548726040872237e-01 -3.786713678482177547e-01
# ядро сверток:
4.043563271912987700e-01 -8.952870623357220281e-02 7.866238737136600767e-02
-4.306743076044798335e-01 -2.244298447058626078e-01 2.139234979225802108e-02
3.681319349238071914e-01 5.244302387577773339e-02 -3.386264323357313089e-01
# ядро сверток:
4.770598432968651825e-01 -5.133824708841848716e-01 -7.507398943734113188e-04
-3.917004683059295833e-01 3.487018828855947827e-02 -6.487144122220671605e-01
5.708918611177764557e-01 -7.316599186019268064e-02 7.001876776325524632e-02
# ядро сверток:
1.160198048933981652e-01 7.965668682732308936e-02 -9.125855080712100623e-03
-1.001313211104638834e-01 4.020194865883894852e-01 -3.393811345494757159e-01
-2.944248695995499987e-01 4.805868695722225747e-01 4.430015670705588215e-01
# ядро сверток:
1.773207108624173245e-01 3.436264387414670329e-01 -7.156901571180565580e-02
-3.715916376631285822e-01 4.351381278798038266e-01 5.130520605993232897e-02
-3.202350408384726510e-01 -7.312004468263277879e-01 1.056065476381134460e-01
# ядро сверток:
3.141811974339909219e-01 -4.402738270955952604e-02 1.898469158595374462e-01
-1.024482593251977297e-01 -2.075901237124744558e-01 -3.210565074174210887e-01
9.452309164862260013e-03 2.223251248596679053e-02 1.252583835250922067e-02
# ядро сверток:
2.434852884713717761e-02 6.036254616448701871e-01 2.149827929333259224e-01
-1.684514299854049935e-01 -1.398637512133102667e-01 2.017987722791445837e-01
2.903409771630889591e-02 3.550671055067003978e-01 -3.075866552125151587e-01
# ядро сверток:
-6.802534858497569781e-01 1.847144818415881115e-02 5.278887886932190909e-01
4.186267254233889124e-01 -1.485762149346813235e-02 4.689976248051108687e-01
-1.142495474147250112e-01 -1.639181158503444091e-01 -3.058336706844618225e-01
# ядро сверток:
-4.614747996815523057e-01 -2.749812848769128126e-01 -6.047797997727594882e-02
-4.562202946449455537e-02 3.245618888454016582e-01 -1.759847351430222639e-01
-1.072626030162702054e-01 -3.466472134681670703e-01 -6.696232411851296695e-02
# ядро сверток:
-9.142513933909500456e-02 1.387135973445901248e-02 6.267643257256633182e-01
3.308818981062959796e-01 -3.457106169886466907e-01 3.086133273518624764e-01
6.258782091582550944e-01 8.352726055142634803e-03 -1.350102471469945553e-01
# ядро сверток:
1.977242610779697540e-02 1.122445785348980402e-01 4.080445757923765737e-01
-3.507046734229483098e-01 -5.481213031422158682e-02 -1.434394254809686076e-01
-2.127524123216228136e-01 7.646930385287233900e-01 2.230110635706540889e-01
# ядро сверток:
1.045756391294176274e-01 -2.090278996108306253e-01 2.082437762315544061e-01
3.559951298889807991e-01 -8.677130344473643619e-02 -6.802402166843478648e-01
-3.564203289671777353e-02 -3.517628213221385414e-01 1.130138831843621322e-01
# ядро сверток:
4.507983367463020211e-03 -1.395239758318686241e-01 -4.146321238318118607e-01
-4.253978947502022601e-02 -1.496327826552026896e-01 2.334464185980328621e-01
-5.719946838122341726e-01 -3.865932228427689799e-01 -3.585531124785723556e-01
# ядро сверток:
-3.314544092228072225e-01 2.583517612247890338e-01 -5.484704289646785691e-01
-1.509201408649658849e-01 -6.195197967868504296e-02 4.570625429012653562e-01
4.469929374513426090e-01 -6.333610187826058668e-01 -1.239897283767179004e-01
# ядро сверток:
3.517839325817905816e-01 4.735424255884813083e-01 -4.374811194821588423e-01
-6.644593161070373732e-02 1.623160851786998038e-01 2.619495550111038407e-01
-3.140874338322155457e-01 -1.540292541947531901e-01 2.331013126398675250e-01
# ядро сверток:
-3.551512717675519015e-01 -8.271961570305229328e-02 4.121945459421867963e-01
-1.072212987620174418e-01 7.515964371076973016e-01 5.872153934700104216e-02
-5.077850850667089966e-02 1.900103101871894185e-01 -1.853038842022273688e-02
# ядро сверток:
-8.491668017872253116e-02 1.143023512681472925e-02 2.872187893533157399e-01
-3.302094531618490758e-01 -9.414169255509363676e-02 -1.621857572520730151e-01
1.980205924863063516e-01 -4.658431096089596379e-02 2.468768403463807853e-02
# ядро сверток:
-5.021270049348165454e-01 -1.815082009931845985e-01 2.235170166120820090e-01
3.513580515469926224e-01 3.671676678403318905e-01 8.700800573763067813e-02
-2.835730505042039495e-01 -6.055384062486203200e-01 -1.493003394271709139e-01
# ядро сверток:
-1.482764124476890766e-01 -2.165517528743796660e-01 1.806689719710417863e-01
1.225298409439822128e-01 2.698411177411058626e-01 -4.907350556294718391e-01
-6.988750815534648664e-02 -6.212248944580933685e-01 5.711229133415045567e-01
# ядро сверток:
2.801220418216645580e-01 1.362143262930567700e-01 -1.463911491669877274e-01
1.978047258659396956e-01 -4.994958096498998135e-01 5.963416236982314045e-01
-7.076674607745415679e-01 6.961580666006779439e-02 -1.359571155445435109e-01
# ядро сверток:
3.946870567384416773e-02 2.391104247741153432e-01 2.239070378859711052e-01
-2.566873899296290840e-01 -8.135334603374472923e-03 2.762937570092501849e-01
-1.708346010879285837e-01 9.370760433040462023e-02 2.130962603957535784e-01
# ядро сверток:
-2.624192508911327715e-01 -1.285862941128960157e-01 -1.383491544776200011e-01
-3.491903195559828976e-01 -3.553605260222698070e-01 2.727474989248406811e-01
-8.138232803715677033e-01 7.160220313157478200e-01 5.723305860585387039e-01
# ядро сверток:
9.152455932792950000e-01 -1.132706703591343789e-01 -1.754733832150812134e-02
-4.914850670407348021e-01 -1.424500474820930007e-01 2.764111828757364053e-01
-4.314812057459432304e-01 -5.834128136217301419e-01 5.621127960570311555e-02
# ядро сверток:
9.665245065918948164e-01 -3.629450741847645157e-01 1.296344308234217424e-01
-4.004848973299671155e-01 -3.039979119786058170e-01 5.186858227276608391e-01
5.494102862204925525e-02 -4.287523020685438113e-01 -1.884425868065637555e-01
# ядро сверток:
3.260211388594139725e-01 -3.625647734662003352e-02 -1.360983828677261032e-01
-1.563419418844323450e-01 3.992224375360607369e-01 -8.402091986324911055e-01
-3.502162590374497397e-01 -1.063491751370493560e-03 -1.970505569963159481e-02
# ядро сверток:
-7.175573626796951654e-01 -7.976012535898568956e-01 1.475633347858604505e-01
-2.673526007419380623e-01 5.574133061296541319e-02 1.430034688624648442e-01
-1.949657194704204899e-01 8.016417320235835753e-02 5.486808731372080916e-02
# ядро сверток:
-2.150726969626275478e-02 -5.135326840986852853e-02 8.741993291028871127e-02
-2.312017594045246149e-01 3.589303308745438459e-01 -2.745160663286002906e-03
-3.059150924847564013e-01 5.132936594611140629e-02 2.417471384554958080e-01
# ядро сверток:
3.632191880989195099e-01 7.502820224356729906e-01 -1.336819308009211671e-01
-4.512563382757486807e-02 4.487563897361452891e-01 -1.338017080163590722e-01
2.729127410648172769e-01 3.840371016571596519e-01 -3.137189210675688233e-01
# ядро сверток:
-4.540599352401962774e-01 -6.459150741276273866e-01 4.558400147431336258e-01
2.248360402958188287e-02 1.144180539123970108e-01 2.078738038858511106e-01
-4.286667399749251040e-01 -1.454946947602924097e-02 2.009238012313733224e-01
# ядро сверток:
3.203063198006320111e-01 -3.641920559171515359e-01 1.756683437755136301e-01
1.370278567988733598e-02 -3.684015866809343953e-02 9.042939728553420209e-02
-3.288885263140902682e-01 -2.116588062348112587e-01 1.939148864714103637e-01
# ядро сверток:
9.831538268887494644e-03 4.339277324430416694e-01 3.595147176357496033e-01
1.200274547442083811e-01 2.838691749425389377e-01 6.746211797843795765e-02
-5.098640298002118376e-01 -7.830191004482344175e-01 -1.845742631892270114e-01
# ядро сверток:
4.531933882845765385e-03 7.058837579984166277e-01 2.231166781453492592e-02
-3.622596334503655480e-01 -2.631554100277581076e-01 -1.212119966519214914e-01
-3.492082397468962429e-01 4.652406036892451358e-01 -3.424483703358396913e-01
# ядро сверток:
-1.020809956020304471e-01 -2.330590685172575227e-01 1.896325660666127455e-01
-1.071279996626947062e-01 -1.512134074024457653e-01 -7.238928386521710223e-01
6.858976821018680781e-02 5.680026724674660521e-01 -5.187955975811996828e-02
# ядро сверток:
6.355956566252427553e-01 -2.039808584968749450e-01 -3.414600051464218855e-01
4.262423029612704140e-01 1.556923931330380373e-01 -1.649192488700939319e-01
1.175429928412202035e-01 -7.822461615622096076e-01 -3.157755921364340801e-01
# ядро сверток:
1.989081057220430382e-01 -3.544136036887782781e-01 -1.931849114505700404e-01
-1.965039489621326074e-01 -4.355436996876089206e-01 -7.402852831035102721e-01
-1.839043086675221095e-01 -3.668169492999056591e-01 -4.410471016974249481e-01
# ядро сверток:
3.335876118321943196e-01 -9.433007403387126955e-01 4.110216343218903168e-01
-4.770964058210961922e-01 -1.485595951483561217e-01 -1.012359380083318189e-01
3.646120573792284159e-01 -1.949308769966463795e-01 -2.390155027563124757e-02
